timestamp,cpu,memory,network,rps,errors,latency_p95,restarts
2026-04-11 07:04:19.684000015,1.0190672303380028,20822892544.0,,29.99970575431759,0.45,31.393947342504767,0.0
2026-04-11 07:04:34.684000015,2.2001977441769025,20490825728.0,88510.3603674582,29.849941668833267,0.45,30.63902820997157,0.0
2026-04-11 07:04:49.684000015,2.2001977441769025,20490825728.0,88510.3603674582,32.08327389101845,0.45,29.00341100150337,0.0
2026-04-11 07:05:04.684000015,2.191709877622631,20378505216.0,88510.3603674582,32.49993833538882,0.45,27.8309747240902,0.0
2026-04-11 07:05:19.684000015,1.433089699703366,17460944896.0,61026.12774321518,33.05,0.4833333333333333,25.45867142598182,0.0
2026-04-11 07:05:34.684000015,1.9905531664562832,16556171264.0,86005.79385281715,33.03333166672222,0.4833333333333333,25.62500092589506,0.0
2026-04-11 07:05:49.684000015,1.9905531664562832,16556171264.0,86005.79385281715,31.249998333388888,0.4833333333333333,26.42361203700609,0.0
2026-04-11 07:06:04.684000015,1.9734197416511716,16556171264.0,86005.79385281715,32.24999833338889,0.4833333333333333,26.339779926304477,0.0
2026-04-11 07:06:19.684000015,1.803412794557671,16461004800.0,91452.90451602892,31.449998333388887,0.4333333333333333,24.630154027409347,0.0
2026-04-11 07:06:34.684000015,2.0272045415728663,16452485120.0,95978.08007322422,31.416667777814816,0.4333333333333333,24.74691382214079,0.0
2026-04-11 07:06:49.684000015,2.0272045415728663,16452485120.0,95978.08007322422,30.716667777814816,0.4333333333333333,25.15845314264908,0.0
2026-04-11 07:07:04.684000015,1.8835655611341973,16454717440.0,95978.08007322422,29.916667777814816,0.4333333333333333,25.21519438847704,0.0
2026-04-11 07:07:19.684000015,0.9612974563528796,16529784832.0,,30.466771947236197,0.55,22.39677694563601,0.0
2026-04-11 07:07:34.684000015,2.043033726852397,16669089792.0,89666.02027463778,30.750104169421377,0.55,22.214011240888404,0.0
2026-04-11 07:07:49.684000015,2.043033726852397,16669089792.0,89666.02027463778,34.53343583617137,0.55,20.499713451860217,0.0
2026-04-11 07:08:04.684000015,2.028658394902599,16673583104.0,89666.02027463778,37.633377504782416,0.55,19.39258709642026,0.0
2026-04-11 07:08:19.684000015,1.6361465156172992,16757579776.0,61965.273272505845,38.3665405597869,0.65,18.093765101131705,0.0
2026-04-11 07:08:34.684000015,1.9487022811305148,16761167872.0,87010.52894020177,38.09987389312023,0.65,18.102433139417407,0.0
2026-04-11 07:08:49.684000015,1.948702281130515,16761167872.0,87010.52894020177,34.71654389312024,0.65,19.30680252236805,0.0
2026-04-11 07:09:04.684000015,1.8926226108303912,16761593856.0,87010.52894020177,31.48331889284258,0.65,20.199095974622708,0.0
2026-04-11 07:09:19.684000015,1.626974134081909,16747253760.0,86701.1841269565,30.016775559213087,0.3833333333333333,17.10578667702851,0.0
2026-04-11 07:09:34.684000015,1.8009955651282767,16750157824.0,86444.31881519228,30.000108892546415,0.3833333333333333,17.066613146317877,0.0
2026-04-11 07:09:49.684000015,1.8009955651282767,16750157824.0,86444.31881519228,31.950107225796412,0.3833333333333333,16.338835924123412,0.0
2026-04-11 07:10:04.684000015,1.6097798823937637,16749654016.0,86444.31881519228,32.633390557463024,0.3833333333333333,16.08885277653698,0.0
2026-04-11 07:10:19.684000015,1.764778230004907,16783482880.0,97494.56158763476,33.38329027849536,0.4333333333333333,17.36575246891722,0.0
2026-04-11 07:10:34.684000015,1.8556419835192024,16791822336.0,97494.56158763476,33.48329027849536,0.4333333333333333,17.36078982014721,0.0
2026-04-11 07:10:49.684000015,1.8556419835192024,16791822336.0,97494.56158763476,30.71662361182869,0.4333333333333333,18.137735927931622,0.0
2026-04-11 07:11:04.684000015,1.8363949267406716,16797036544.0,97494.56158763476,29.03329027849536,0.4333333333333333,18.65179702359869,0.0
2026-04-11 07:11:19.684000015,1.0999944150912422,16977047552.0,,28.31664722481476,0.35,20.827510069273487,0.0
2026-04-11 07:11:34.684000015,2.0843369248228623,17033404416.0,88413.58034407315,28.233313891481423,0.35,21.00741091973088,0.0
2026-04-11 07:11:49.684000015,2.0843369248228623,17033404416.0,88413.58034407315,30.299980558148093,0.35,20.0680093893452,0.0
2026-04-11 07:12:04.684000015,2.062051972931548,17031647232.0,88413.58034407315,31.46661555973135,0.35,19.535550290959662,0.0
2026-04-11 07:12:19.684000015,1.6064971736818343,17134276608.0,60379.90836452838,32.41665778228702,0.55,18.753410585174997,0.0
2026-04-11 07:12:34.684000015,1.8878517507540613,17139777536.0,85768.43816762143,32.48332444895369,0.55,18.765292143125656,0.0
2026-04-11 07:12:49.684000015,1.8878517507540613,17139777536.0,85768.43816762143,33.599991115620355,0.55,18.515292199816955,0.0
2026-04-11 07:13:04.684000015,1.869784192437302,17139113984.0,85768.43816762143,36.31673278287054,0.55,17.74827460416761,0.0
2026-04-11 07:13:19.684000015,1.95651218475703,17252462592.0,91707.27352705256,36.88342555853716,0.6333333333333333,18.269453245876555,0.0
2026-04-11 07:13:34.684000015,2.0209736163890257,17256718336.0,96689.55399061032,36.96675500311123,0.6333333333333333,18.201586742056943,0.0
2026-04-11 07:13:49.684000015,2.0209736163890257,17256718336.0,96689.55399061032,36.78342166977789,0.6333333333333333,18.080618922080383,0.0
2026-04-11 07:14:04.684000015,1.9947266213970576,17258225664.0,96689.55399061032,34.65004500094445,0.6333333333333333,18.72725915701271,0.0
2026-04-11 07:14:19.684000015,0.9761068143054704,17319518208.0,,34.39987944767583,0.45,19.0550589516534,0.0
2026-04-11 07:14:34.684000015,1.979261168520436,17383309312.0,89298.73795027904,34.38321278100916,0.45,19.09874202134188,0.0
2026-04-11 07:14:49.684000015,1.979261168520436,17383309312.0,89298.73795027904,33.24987944767583,0.45,19.557623600289183,0.0
2026-04-11 07:15:04.684000015,1.930293567730608,17384206336.0,89298.73795027904,32.4665461143425,0.45,19.65630781081556,0.0
2026-04-11 07:15:19.684000015,1.5343652083055066,17444343808.0,61390.83456842256,31.11669138949537,0.45,16.90935992156118,0.0
2026-04-11 07:15:34.684000015,1.8558878184008412,17447878656.0,86449.22225403186,30.96669805612501,0.45,16.89421479263867,0.0
2026-04-11 07:15:49.684000015,1.8558878184008412,17447878656.0,86449.22225403186,29.300031389458344,0.45,17.307676242750794,0.0
2026-04-11 07:16:04.684000015,1.8100961593255032,17448300544.0,86449.22225403186,30.21669805612501,0.45,17.26440702122743,0.0
2026-04-11 07:16:19.684000015,1.8079375680250496,17197903872.0,86276.05055483848,30.883293611912027,0.55,21.10123859736867,0.0
2026-04-11 07:16:34.684000015,1.8930624855230875,17201926144.0,86132.12994099357,30.93328750087498,0.55,21.130668330572234,0.0
2026-04-11 07:16:49.684000015,1.893062485523088,17201926144.0,86132.12994099359,32.69995416754165,0.55,20.43673758448521,0.0
2026-04-11 07:17:04.684000015,1.8451224923754403,17205608448.0,86132.12994099359,31.33328750087498,0.55,20.555897409570846,0.0
2026-04-11 07:17:19.684000015,1.60016702855856,17243721728.0,99356.69222863468,31.41673944587964,0.4333333333333333,17.668009280224467,0.0
2026-04-11 07:17:34.684000015,1.885672318872472,17265938432.0,99356.6922286347,31.416746112546324,0.4333333333333333,17.56887155903649,0.0
2026-04-11 07:17:49.684000015,1.885672318872472,17265938432.0,99356.6922286347,32.76674611254632,0.4333333333333333,17.17181896399074,0.0
2026-04-11 07:18:04.684000015,1.810832155687308,17265840128.0,99356.6922286347,33.91674611254633,0.4333333333333333,16.946332305075757,0.0
2026-04-11 07:18:19.684000015,1.5940563833885193,17122328576.0,62724.56235671017,34.45000333350001,0.4833333333333333,18.656975581337168,0.0
2026-04-11 07:18:34.684000015,1.9034903936064609,17091846144.0,87098.79809074702,34.55,0.4833333333333333,18.800781249999964,0.0
2026-04-11 07:18:49.684000015,1.9034903936064609,17091846144.0,87098.79809074702,34.25,0.4833333333333333,18.906249999999964,0.0
2026-04-11 07:19:04.684000015,1.8786215004744828,17092546560.0,87098.79809074702,35.5,0.4833333333333333,18.51367187499988,0.0
2026-04-11 07:19:19.684000015,1.377412340191016,17205354496.0,86263.1879279736,35.233311669666605,0.45,18.73440347057002,0.0
2026-04-11 07:19:34.684000015,1.967819734249985,17206161408.0,86263.1879279736,35.283306669833266,0.45,18.72071930865801,0.0
2026-04-11 07:19:49.684000015,1.9678197342499848,17206161408.0,86263.1879279736,35.1166400031666,0.45,18.777615860382227,0.0
2026-04-11 07:20:04.684000015,1.9000447335782116,17206304768.0,86263.1879279736,32.73330666983326,0.45,19.42416758452017,0.0
2026-04-11 07:20:19.684000015,1.4543701876080202,17134202880.0,96475.71817261454,32.466651390310176,0.4,18.004410439972794,0.0
2026-04-11 07:20:34.684000015,1.7684706526713077,17108791296.0,96475.71817261454,32.36665916801389,0.4,17.89058219473074,0.0
2026-04-11 07:20:49.684000015,1.7684706526713077,17108791296.0,96475.71817261454,31.11665916801389,0.4,18.22292007792341,0.0
2026-04-11 07:21:04.684000015,1.6608671282305865,17107574784.0,96475.71817261454,32.283325834680554,0.4,17.935492719486525,0.0
2026-04-11 07:21:19.684000015,0.8486820723425026,16980418560.0,,32.199904173782095,0.4,21.524065982261728,0.0
2026-04-11 07:21:34.684000015,1.990451147039052,16942985216.0,89498.88295596787,32.34989584054134,0.4,21.45330151543824,0.0
2026-04-11 07:21:49.684000015,1.990451147039052,16942985216.0,89498.88295596787,30.183229173874675,0.4,22.56947464955452,0.0
2026-04-11 07:22:04.684000015,1.9733793657292489,16943067136.0,89498.88295596787,28.39989584054134,0.4,23.30558576066561,0.0
2026-04-11 07:22:19.684000015,1.687130964540258,16929406976.0,61587.17741945676,27.566843070904035,0.4166666666666667,22.224928743762757,0.0
2026-04-11 07:22:34.684000015,2.029886993219018,16931667968.0,86819.94843210858,27.300180848533667,0.4166666666666667,22.71315256699901,0.0
2026-04-11 07:22:49.684000015,2.029886993219018,16931667968.0,86819.94843210858,29.333514181867,0.4166666666666667,21.539520414197064,0.0
2026-04-11 07:23:04.684000015,2.018346824711728,16934383616.0,86819.94843210858,31.016847515200336,0.4166666666666667,20.84150061221685,0.0
2026-04-11 07:23:19.684000015,2.149925490282791,17137664000.0,91773.73926807869,32.18321055912026,0.5,28.27451499829777,0.0
2026-04-11 07:23:34.684000015,2.275418625180829,17156255744.0,95888.8433917097,32.316551670416565,0.5,28.05712004092961,0.0
2026-04-11 07:23:49.684000015,2.275418625180829,17156255744.0,95888.8433917097,32.8498850037499,0.5,27.88728314594496,0.0
2026-04-11 07:24:04.684000015,2.251414161332446,17156534272.0,95888.8433917097,32.76655167041656,0.5,28.165815653719697,0.0
2026-04-11 07:24:19.684000015,0.9608069639871356,17095180288.0,,32.399757232564376,0.5333066679999334,26.61478379015855,0.0
2026-04-11 07:24:34.684000015,2.128730362976302,17034846208.0,88579.50102840274,32.43307612149029,0.5333066679999333,26.82373526225096,0.0
2026-04-11 07:24:49.684000015,2.128730362976302,17034846208.0,88579.50102840274,32.11640945482362,0.5333066679999333,27.02962120781645,0.0
2026-04-11 07:25:04.684000015,2.118617129526499,17007026176.0,88579.50102840274,32.549742788156955,0.5333066679999333,26.544318621840716,0.0
2026-04-11 07:25:19.684000015,1.2241589876735766,16635248640.0,61057.88506037363,33.23367584997762,0.5833625014584063,23.757737601261333,0.0
2026-04-11 07:25:34.684000015,1.997009452074586,16611155968.0,86043.47660996356,33.167022516570235,0.5833625014584063,23.47673568480815,0.0
2026-04-11 07:25:49.684000015,1.997009452074586,16611155968.0,86043.47660996356,32.6836891832369,0.5833625014584063,23.561784907575472,0.0
2026-04-11 07:26:04.684000015,1.9902625677607528,16612065280.0,86043.47660996356,32.06701807227393,0.5833625014584063,23.863324865037548,0.0
2026-04-11 07:26:19.684000015,1.835253018033025,16612569088.0,86078.07217277306,31.349958612152765,0.45,23.651385596397716,0.0
2026-04-11 07:26:34.684000015,2.037845257060787,16612429824.0,86106.87191806802,31.483281389912012,0.45,23.64823967880868,0.0
2026-04-11 07:26:49.684000015,2.037845257060787,16612429824.0,86106.87191806802,31.783281389912013,0.45,23.577926702739173,0.0
2026-04-11 07:27:04.684000015,1.908811179059176,16612683776.0,86106.87191806802,31.316622500986096,0.45,23.80448709088286,0.0
2026-04-11 07:27:19.684000015,0.8964315317439657,16605130752.0,,30.84998028056013,0.45,20.591344542737197,0.0
2026-04-11 07:27:34.684000015,1.977090761240754,16616771584.0,99059.2055485498,30.58331916930088,0.45,20.55120046142013,0.0
2026-04-11 07:27:49.684000015,1.977090761240754,16616771584.0,99059.2055485498,29.499985835967543,0.45,21.024497832723128,0.0
2026-04-11 07:28:04.684000015,1.9451329951967309,16616935424.0,99059.2055485498,30.299982502523097,0.45,20.66770612881368,0.0
2026-04-11 07:28:19.684000015,1.34060592941663,16732381184.0,61742.73280530669,30.649959722921285,0.4833333333333333,19.61645464017964,0.0
2026-04-11 07:28:34.684000015,1.938911501142909,16761794560.0,86546.63890427709,30.883292500680543,0.4833333333333333,19.60812637917587,0.0
2026-04-11 07:28:49.684000015,1.938911501142909,16761794560.0,86546.63890427709,31.033292500680545,0.4833333333333333,19.55699040939634,0.0
2026-04-11 07:29:04.684000015,1.930830210142904,16761839616.0,86546.63890427709,30.74995916734721,0.4833333333333333,19.63653525127563,0.0
2026-04-11 07:29:19.684000015,1.6996505895137384,16792956928.0,86615.54559822156,31.23337777851853,0.5166666666666667,18.253597583649537,0.0
2026-04-11 07:29:34.684000015,1.771839463912169,16796688384.0,86672.97680268751,31.28337777851853,0.5166666666666667,18.264416902971117,0.0
2026-04-11 07:29:49.684000015,1.7718394639121693,16796688384.0,86672.97680268752,33.66671111185186,0.5166666666666667,17.616887629632394,0.0
2026-04-11 07:30:04.684000015,1.7072550376355589,16791011328.0,86672.97680268752,34.51671111185186,0.5166666666666667,17.392814336022973,0.0
2026-04-11 07:30:19.684000015,1.6880151669427568,16786444288.0,96778.83456977997,34.76665277905555,0.6666666666666666,17.462421100747314,0.0
2026-04-11 07:30:34.684000015,1.7624850015039888,16788070400.0,96778.83456977997,34.6166505569074,0.6666666666666666,17.37017696489879,0.0
2026-04-11 07:30:49.684000015,1.7624671706022672,16788070400.0,96778.83456977997,33.8666505569074,0.6666666666666666,17.578993153583433,0.0
2026-04-11 07:31:04.684000015,1.6454572781290977,16793317376.0,96778.83456977997,34.249983890240735,0.6666666666666666,17.466259525403935,0.0
2026-04-11 07:31:19.684000015,0.9501137615068772,16874053632.0,,34.43336444507408,0.55,17.059934693601168,0.0
2026-04-11 07:31:34.684000015,1.759225134146654,16933531648.0,89987.4739371946,34.50003722290742,0.55,17.11138277173568,0.0
2026-04-11 07:31:49.684000015,1.76089798783215,16933531648.0,89987.4739371946,35.50003722290742,0.55,16.878222149974036,0.0
2026-04-11 07:32:04.684000015,1.352577363965509,16933535744.0,89987.4739371946,34.15003166753704,0.55,17.204648315734012,0.0
2026-04-11 07:32:19.684000015,1.488330768458085,17090756608.0,60660.36779799853,34.04992722490733,0.45,17.59739817913737,0.0
2026-04-11 07:32:34.684000015,1.7930810971381583,17101000704.0,86006.9844894852,34.049923335888806,0.45,17.549871919534873,0.0
2026-04-11 07:32:49.684000015,1.793068112545367,17101000704.0,86006.9844894852,33.483256669222136,0.45,17.70348523604339,0.0
2026-04-11 07:33:04.684000015,1.763555975769552,17097162752.0,86006.9844894852,34.08318167305527,0.45,17.7125414177296,0.0
2026-04-11 07:33:19.684000015,1.96607771522872,17104445440.0,86348.77122566024,33.96665445074061,0.4833333333333333,22.163022387989137,0.0
2026-04-11 07:33:34.684000015,2.063838540540845,17112780800.0,86633.5754384852,33.983321117407286,0.4833333333333333,22.341496201953017,0.0
2026-04-11 07:33:49.684000015,2.0663957860162,17112780800.0,86633.5754384852,34.599987784073946,0.4833333333333333,22.09372834481025,0.0
2026-04-11 07:34:04.684000015,2.045026322726771,17112780800.0,86633.5754384852,35.649679751975945,0.4833333333333333,21.46438436229571,0.0
2026-04-11 07:34:19.684000015,0.7523805076180444,17160540160.0,,35.53292419713322,0.4666666666666667,19.264331618138005,0.0
2026-04-11 07:34:34.684000015,1.988225862367049,17249116160.0,99400.84023035529,35.49959086379988,0.4666666666666667,19.225596936567115,0.0
2026-04-11 07:34:49.684000015,1.988225862367049,17249116160.0,99400.84023035529,32.799590863799885,0.4666666666666667,20.21340890854032,0.0
2026-04-11 07:35:04.684000015,1.95163154012892,17245171712.0,99400.84023035529,30.18359058031545,0.4666666666666667,21.05463497189688,0.0
2026-04-11 07:35:19.684000015,1.5408297624379963,16950386688.0,61198.56848924201,30.00033946826928,0.5666666666666667,21.2125180564332,0.0
2026-04-11 07:35:34.684000015,1.9572918079132091,16950820864.0,85865.11027107117,30.05033946826928,0.5666666666666667,21.38930238167393,0.0
2026-04-11 07:35:49.684000015,1.9572918079132091,16950820864.0,85865.11027107117,33.75033946826928,0.5666666666666667,20.234068115001087,0.0
2026-04-11 07:36:04.684000015,1.9434179385134929,16950280192.0,85865.11027107117,36.000062224296364,0.5666666666666667,19.68629118991672,0.0
2026-04-11 07:36:19.684000015,1.7977277800381473,16936861696.0,86294.05697743957,37.2499108348472,0.5833333333333334,17.059551899260626,0.0
2026-04-11 07:36:34.684000015,1.8344696050115912,16920379392.0,86653.99451670493,37.34991083484719,0.5833333333333334,17.03287394857759,0.0
2026-04-11 07:36:49.684000015,1.8344696050115912,16920379392.0,86653.99451670493,37.53324416818053,0.5833333333333334,17.030740936351577,0.0
2026-04-11 07:37:04.684000015,1.8027991898418652,16920637440.0,86653.99451670493,34.933327783481666,0.5833333333333334,17.47935703197878,0.0
2026-04-11 07:37:19.684000015,1.745119286304911,16925380608.0,97312.1035270236,34.13350167227801,0.35,16.78601364047365,0.0
2026-04-11 07:37:34.684000015,1.7747179415613998,16922464256.0,97312.1035270236,33.96683167238912,0.35,16.662999938229603,0.0
2026-04-11 07:37:49.684000015,1.7747179415613998,16922464256.0,97312.1035270236,30.683498339055784,0.35,17.297057909244096,0.0
2026-04-11 07:38:04.684000015,1.7603358087063057,16921346048.0,97312.1035270236,32.516747501513905,0.35,16.905772221771333,0.0
2026-04-11 07:38:19.684000015,0.9060144202881216,16876048384.0,,31.116610001888827,0.5166666666666666,15.88920309400894,0.0
2026-04-11 07:38:34.684000015,1.756150780269621,16868597760.0,90043.86286479337,31.01661333511105,0.5166666666666666,15.891061638875208,0.0
2026-04-11 07:38:49.684000015,1.756150780269621,16868597760.0,90043.86286479337,29.56661333511105,0.5166666666666666,16.291058406524222,0.0
2026-04-11 07:39:04.684000015,1.732334367751138,16844668928.0,90043.86286479337,27.966545005194213,0.5166666666666666,16.74107317815113,0.0
2026-04-11 07:39:19.684000015,1.4515282043080395,16708567040.0,61058.01478285685,28.033265003416496,0.4,17.10704680791728,0.0
2026-04-11 07:39:34.684000015,1.7138467747142747,16694882304.0,87206.01023509946,28.09993167008316,0.4,17.135999422088407,0.0
2026-04-11 07:39:49.684000015,1.7138467747142747,16694882304.0,87206.01023509946,28.816598336749827,0.4,16.94516951418524,0.0
2026-04-11 07:40:04.684000015,1.664444745523029,16694865920.0,87206.01023509946,28.43340833708352,0.4,17.03388966669811,0.0
2026-04-11 07:40:19.684000015,1.620270172790358,16522915840.0,86894.3545926152,28.13338167086129,0.3833333333333333,15.921697869733226,0.0
2026-04-11 07:40:34.684000015,1.6450514446066462,16516837376.0,86636.06358722516,28.03338278200944,0.3833333333333333,15.88397216734688,0.0
2026-04-11 07:40:49.684000015,1.6450514446066462,16516837376.0,86636.06358722516,29.08338278200944,0.3833333333333333,15.62292244358995,0.0
2026-04-11 07:41:04.684000015,1.4822384379644034,16518303744.0,86636.06358722516,31.666641111592583,0.3833333333333333,15.212924931090884,0.0
2026-04-11 07:41:19.684000015,1.7213811367813154,16681660416.0,96921.23358044986,33.216655279125,0.6166666666666667,19.36412264429648,0.0
2026-04-11 07:41:34.684000015,1.9446467572622563,16730558464.0,96921.23358044986,33.41665416797685,0.6166666666666667,19.426251618090472,0.0
2026-04-11 07:41:49.684000015,1.9446467572622563,16730558464.0,96921.23358044986,35.19998750131018,0.6166666666666667,18.84891348859413,0.0
2026-04-11 07:42:04.684000015,1.9110633212822523,16733044736.0,96921.23358044986,35.3163569556617,0.6166666666666667,18.55443731499105,0.0
2026-04-11 07:42:19.684000015,1.3945366764527865,16868044800.0,64911.63284638229,35.73311862239321,0.6833333333333333,16.64332427781302,0.0
2026-04-11 07:42:34.684000015,1.8197067207994515,16866578432.0,90279.3887595864,35.69977945601819,0.6833333333333333,16.63190419961858,0.0
2026-04-11 07:42:49.684000015,1.8197067207994515,16866578432.0,90279.3887595864,34.73311278935153,0.6833333333333333,16.852718138380492,0.0
2026-04-11 07:43:04.684000015,1.6566034585000602,16865980416.0,90279.3887595864,34.28368778900032,0.6833333333333333,16.96191827955784,0.0
2026-04-11 07:43:19.684000015,1.8993258502754924,17118040064.0,86516.61496858347,33.93352445563916,0.55,17.257190855064255,0.0
2026-04-11 07:43:34.684000015,1.9467870374316767,17121951744.0,86516.61496858347,33.96687028901419,0.55,17.190028577105355,0.0
2026-04-11 07:43:49.684000015,1.9467870374316767,17121951744.0,86516.61496858347,35.06686917794012,0.55,17.29477669902433,0.0
2026-04-11 07:44:04.684000015,1.526569995689452,17121951744.0,86516.61496858347,34.58325611287036,0.55,17.403243966546967,0.0
2026-04-11 07:44:19.684000015,0.0460944284777991,17121951744.0,,34.066713890027806,0.5,17.998308388900966,0.0
2026-04-11 07:56:07.236999989,3.429647920002124,17196519424.0,86180.90476040254,164.265334510793,2.7333333333333334,27.99696918835308,0.0
2026-04-11 07:56:22.236999989,3.759049101450889,17259712512.0,99295.64479904508,163.46739477468196,2.5666666666666664,27.7920056936148,0.0
2026-04-11 07:56:37.236999989,3.774383226106937,17259712512.0,99295.64479904508,163.3341322744645,2.5666666666666664,26.77076221135328,0.0
2026-04-11 07:56:52.236999989,3.773850889120199,17259712512.0,99295.64479904508,160.93413116339045,2.5666666666666664,26.967123250145814,0.0
2026-04-11 07:57:07.236999989,3.537096100933919,17259970560.0,99295.64479904508,161.30076699796004,2.5666666666666664,27.048244792776387,0.0
2026-04-11 07:57:22.236999989,2.858594596480823,17121697792.0,63219.685737370586,160.04967112519418,2.1333333333333333,23.69271223831379,0.0
2026-04-11 07:57:37.236999989,3.417026961284029,17121697792.0,86240.51255843887,159.9829775127543,2.1333333333333333,19.925955181270027,0.0
2026-04-11 07:57:52.236999989,3.416969297666596,17121697792.0,86240.51255843887,159.68297973497653,2.1333333333333333,19.97259484220119,0.0
2026-04-11 07:58:07.236999989,2.7496030974066343,17121087488.0,86240.51255843887,160.46690723779668,2.1333333333333333,19.761603405828566,0.0
2026-04-11 07:58:22.236999989,3.3583524941649467,17100963840.0,86342.49298040823,163.73382613864888,2.833333333333333,18.99435184767025,0.0
2026-04-11 07:58:37.236999989,3.4095230579286286,17100963840.0,86342.49298040823,164.23378947342658,2.833333333333333,20.67134476296999,0.0
2026-04-11 07:58:52.236999989,3.409485201223812,17100963840.0,86342.49298040823,170.70045336236177,2.833333333333333,20.01797108900719,0.0
2026-04-11 07:59:07.236999989,3.2881127430636217,17105317888.0,86342.49298040823,170.380955138383,2.833333333333333,19.96212858692308,0.0
2026-04-11 07:59:22.236999989,3.5224943154689203,17259032576.0,99189.36263461056,168.79790235241984,2.4,20.882830011580666,0.0
2026-04-11 07:59:37.236999989,3.5585556303042067,17259032576.0,99189.36263461056,168.44795485196164,2.4,20.65231846942924,0.0
2026-04-11 07:59:52.236999989,3.5581375347241297,17259032576.0,99189.36263461056,162.66462485196163,2.4,21.34655094716857,0.0
2026-04-11 08:00:07.236999989,3.451426489003192,17263857664.0,99189.36263461056,159.75276651455698,2.4,21.66600458950077,0.0
2026-04-11 08:00:22.236999989,3.646320309675809,17411555328.0,85241.59055676957,160.06829570015327,2.433333333333333,23.78565054358356,0.0
2026-04-11 08:00:37.236999989,3.708833813277413,17411555328.0,85241.59055676957,160.28493181032914,2.433333333333333,27.434698627128537,0.0
2026-04-11 08:00:52.236999989,3.708833813277413,17411555328.0,85241.59055676957,163.7015968102458,2.433333333333333,27.08071349511936,0.0
2026-04-11 08:01:07.236999989,3.555876120948241,17414545408.0,85241.59055676957,165.81565336696184,2.433333333333333,26.881811784972115,0.0
2026-04-11 08:01:22.236999989,3.650949685980336,17486127104.0,85746.7772794279,165.41656806654143,2.6166666666666667,27.32141303335949,0.0
2026-04-11 08:01:37.236999989,3.7136629869597377,17486127104.0,85746.7772794279,164.98324362194884,2.6166666666666667,25.748331817095664,0.0
2026-04-11 08:01:52.236999989,3.7136629869597377,17486127104.0,85746.7772794279,162.11657695528217,2.6166666666666667,26.114185468872044,0.0
2026-04-11 08:02:07.236999989,3.495165558866545,17476644864.0,85746.7772794279,161.83374362217162,2.6166666666666667,26.222298533675826,0.0
2026-04-11 08:02:22.236999989,3.6509048461355977,17186508800.0,101279.6354283158,161.70025334177805,2.55,26.21952559381644,0.0
2026-04-11 08:02:37.236999989,3.80176869371489,17186508800.0,101279.6354283158,161.8335866751114,2.55,27.61874235376454,0.0
2026-04-11 08:02:52.236999989,3.7926516647261135,17186508800.0,101279.6354283158,162.55025334177805,2.55,27.452471569916614,0.0
2026-04-11 08:03:07.236999989,3.502107495897562,17174704128.0,101279.6354283158,164.0,2.55,27.35896667161395,0.0
2026-04-11 08:03:22.236999989,3.722599315813429,17152180224.0,85952.68341645492,164.9,2.4833333333333334,27.94897384549471,0.0
2026-04-11 08:03:37.236999989,3.923578365523604,17152180224.0,85952.68341645492,165.13333333333333,2.4833333333333334,28.63479879501999,0.0
2026-04-11 08:03:52.236999989,3.923578365523604,17152180224.0,85952.68341645492,165.93333333333334,2.4833333333333334,28.55932210010472,0.0
2026-04-11 08:04:07.236999989,3.708362910186518,17115156480.0,85952.68341645492,163.5,2.4833333333333334,28.75923002373304,0.0
2026-04-11 08:04:22.236999989,3.8907423330052566,17059962880.0,95825.96793116936,161.21676335751863,2.033333333333333,29.78650375843877,0.0
2026-04-11 08:04:37.236999989,3.916584782820881,17059962880.0,95825.96793116936,161.1334300241853,2.033333333333333,29.16191759331329,0.0
2026-04-11 08:04:52.236999989,3.916584782820881,17059962880.0,95825.96793116936,158.41676335751862,2.033333333333333,29.35001825892096,0.0
2026-04-11 08:05:07.236999989,3.245945841485853,17038397440.0,95825.96793116936,157.01638920955935,2.033333333333333,29.394469476589126,0.0
2026-04-11 08:05:22.236999989,3.5583932120057664,17030279168.0,89576.78782978244,159.13295918537406,2.45,27.51291874123598,0.0
2026-04-11 08:05:37.236999989,3.7018460548694017,17030279168.0,89576.78782978244,159.3162925187074,2.45,26.296606427294023,0.0
2026-04-11 08:05:52.236999989,3.701846054869401,17030279168.0,89576.7878297824,162.84962585204073,2.45,26.1641032630353,0.0
2026-04-11 08:06:07.236999989,3.1536523356931285,17027895296.0,89576.7878297824,163.83344889164815,2.45,26.03033031609276,0.0
2026-04-11 08:06:22.236999989,3.68682296995868,17051308032.0,86005.02362674451,163.36667280574062,2.2333333333333334,26.08164726104241,0.0
2026-04-11 08:06:37.236999989,3.694327083243846,17051308032.0,86005.02362674451,163.3833394724073,2.2333333333333334,27.46619595013821,0.0
2026-04-11 08:06:52.236999989,3.6938932806036737,17051308032.0,86005.02362674451,163.76667280574063,2.2333333333333334,27.20361836544888,0.0
2026-04-11 08:07:07.236999989,3.1811186854419207,16982200320.0,86005.02362674451,163.83350336785205,2.2333333333333334,27.372237956846032,0.0
2026-04-11 08:07:22.236999989,3.8162128349057447,16926842880.0,96468.8113413304,164.54994779814808,2.4166666666666665,28.763203735312693,0.0
2026-04-11 08:07:37.236999989,3.8617989718228856,16926842880.0,96468.81134133044,164.4999477981481,2.4166666666666665,28.60212499750873,0.0
2026-04-11 08:07:52.236999989,3.855393065022143,16926842880.0,96468.81134133044,163.86661446481477,2.4166666666666665,28.84296269384386,0.0
2026-04-11 08:08:07.236999989,3.098246286917029,16924192768.0,96468.81134133044,164.04966834438852,2.4166666666666665,28.756604164906477,0.0
2026-04-11 08:08:22.236999989,3.4286139443495647,17033584640.0,88922.24686994775,163.18265836708164,2.366548339249704,25.81816152576291,0.0
2026-04-11 08:08:37.236999989,3.580368679418722,17033584640.0,88922.24686994773,163.06595947926678,2.366548339249704,23.448392874760792,0.0
2026-04-11 08:08:52.236999989,3.57968169178172,17033584640.0,88922.24686994773,159.64929170152604,2.366548339249704,23.66823251708532,0.0
2026-04-11 08:09:07.236999989,2.816216775486427,17043296256.0,88922.24686994773,158.7989117205251,2.366548339249704,23.76036925542019,0.0
2026-04-11 08:09:22.236999989,3.603692182371448,17305477120.0,87056.2976797189,158.4005578410936,2.116772505291931,24.83015802073507,0.0
2026-04-11 08:09:37.236999989,3.636493608746525,17305477120.0,87056.2976797189,158.28393784050104,2.116772505291931,26.10198721888784,0.0
2026-04-11 08:09:52.236999989,3.636493608746525,17305477120.0,87056.2976797189,158.3339400627233,2.116772505291931,25.9830800909739,0.0
2026-04-11 08:10:07.236999989,3.513507155352272,17306054656.0,87056.2976797189,161.86805589718355,2.116772505291931,25.44135442059575,0.0
2026-04-11 08:10:22.236999989,3.5737007307379907,17324269568.0,96876.04048429817,161.4506266907881,2.5166666666666666,24.982337640201106,0.0
2026-04-11 08:10:37.236999989,3.578299690742307,17324269568.0,96876.04048429817,161.51729446860293,2.5166666666666666,24.418446343212388,0.0
2026-04-11 08:10:52.236999989,3.5782996907423064,17324269568.0,96876.04048429817,159.50062669078812,2.5166666666666666,24.68140916991121,0.0
2026-04-11 08:11:07.236999989,3.4526161873464813,17324355584.0,96876.04048429817,156.11689083732878,2.5166666666666666,25.228600103048294,0.0
2026-04-11 08:11:22.236999989,3.6610098471177546,17229737984.0,88577.91553082642,156.5832477923053,2.4,26.884232815559635,0.0
2026-04-11 08:11:37.236999989,3.685532924733778,17229737984.0,88577.91553082642,156.74989890289783,2.4,27.92777563011993,0.0
2026-04-11 08:11:52.236999989,3.685532924733778,17229737984.0,88577.91553082642,165.31656556956452,2.4,27.40036699224618,0.0
2026-04-11 08:12:07.236999989,3.64894926863858,17231118336.0,88577.91553082642,168.11656556956453,2.4,27.181651599112197,0.0
2026-04-11 08:12:22.236999989,3.689255181579825,17243242496.0,86477.56106797955,170.98327195117128,2.5,27.291883490230106,0.0
2026-04-11 08:12:37.236999989,3.843740422796469,17243242496.0,86477.56106797955,171.1165761192962,2.5,28.31730201751261,0.0
2026-04-11 08:12:52.236999989,3.842645899104738,17243242496.0,86477.56106797955,169.01657611929622,2.5,28.256231331442056,0.0
2026-04-11 08:13:07.236999989,3.729269350766388,17236393984.0,86477.56106797955,167.74990945262954,2.5,28.18216688237751,0.0
2026-04-11 08:13:22.236999989,3.642949092711408,17289027584.0,98642.13631423692,164.96679805968978,2.15,27.5041102069936,0.0
2026-04-11 08:13:37.236999989,3.6745735472043575,17289027584.0,98642.13631423692,164.63350139168986,2.15,24.89775248230732,0.0
2026-04-11 08:13:52.236999989,3.6745170895238246,17289027584.0,98642.13631423692,153.55016805835652,2.15,25.96213601999879,0.0
2026-04-11 08:14:07.236999989,3.540105840268998,17289682944.0,98642.13631423692,150.43350139168984,2.15,26.52917608030276,0.0
2026-04-11 08:14:22.236999989,3.124329591445444,17336008704.0,62646.96746171967,147.98285751300426,2.3166666666666664,25.004371237095476,0.0
2026-04-11 08:14:37.236999989,3.442221310446256,17336008704.0,86516.01504616436,147.9828644578052,2.3166666666666664,23.52935058439201,0.0
2026-04-11 08:14:52.236999989,3.442221310446256,17336008704.0,86516.01504616436,153.51619779113852,2.3166666666666664,23.210444848236577,0.0
2026-04-11 08:15:07.236999989,3.336607935273177,17336524800.0,86516.01504616436,153.2993630773094,2.3166666666666664,22.981792864824197,0.0
2026-04-11 08:15:22.236999989,3.2429328589178263,17252454400.0,86234.4761334824,153.66701002213887,2.1666666666666665,22.71960887712871,0.0
2026-04-11 08:15:37.236999989,3.400750795046783,17252454400.0,86234.4761334824,153.51699557721292,2.1666666666666665,23.48408520010787,0.0
2026-04-11 08:15:52.236999989,3.400750795046783,17252454400.0,86234.4761334824,153.55032891054626,2.1666666666666665,23.400047156984638,0.0
2026-04-11 08:16:07.236999989,3.366050272491384,17253801984.0,86234.4761334824,156.1173458556999,2.1666666666666665,23.67165236263491,0.0
2026-04-11 08:16:22.236999989,3.389436129674547,17148563456.0,99406.909456867,158.31663362380132,2.5,23.977412364225263,0.0
2026-04-11 08:16:37.236999989,3.538090410200638,17148563456.0,99406.909456867,158.433300290468,2.5,24.893541043755896,0.0
2026-04-11 08:16:52.236999989,3.538090410200638,17148563456.0,99406.909456867,159.683300290468,2.5,24.617057983145703,0.0
2026-04-11 08:17:07.236999989,3.263267478400723,17143238656.0,99406.909456867,162.13311805914344,2.5,24.02980757163196,0.0
2026-04-11 08:17:22.236999989,3.457923112841994,17198784512.0,62368.00694647065,160.51466465671606,2.3833333333333333,26.26369573544969,0.0
2026-04-11 08:17:37.236999989,3.8238991615851936,17198784512.0,85459.03938951856,160.53131632388272,2.3833333333333333,27.89209559750022,0.0
2026-04-11 08:17:52.236999989,3.8238610733711393,17198784512.0,85459.03938951858,159.69915717678583,2.3833333333333333,28.074741550169698,0.0
2026-04-11 08:18:07.236999989,3.170587456314635,17199812608.0,85459.03938951858,159.6166602462814,2.3833333333333333,28.060200429729186,0.0
2026-04-11 08:18:22.236999989,3.696906706146649,17419833344.0,86367.97992234112,160.88762278672888,2.4833333333333334,28.306982817655346,0.0
2026-04-11 08:18:37.236999989,3.735831506913647,17419833344.0,86367.97992234112,161.00432000896964,2.4833333333333334,27.6658533736508,0.0
2026-04-11 08:18:52.236999989,3.7352303240539264,17419833344.0,86367.97992234112,162.48528028715882,2.4833333333333334,27.559721771394607,0.0
2026-04-11 08:19:07.236999989,3.5986602720008034,17421885440.0,86367.97992234112,158.91700167503336,2.4833333333333334,27.99386639800729,0.0
2026-04-11 08:19:22.236999989,3.543650887724146,17437478912.0,98784.5789206373,158.44794143598529,2.2666666666666666,26.56557842437532,0.0
2026-04-11 08:19:37.236999989,3.5525917840713914,17437478912.0,98784.5789206373,158.4479258799112,2.2666666666666666,26.02573280073468,0.0
2026-04-11 08:19:52.236999989,3.552591784071392,17437478912.0,98784.5789206373,162.71579141548565,2.2666666666666666,25.625099652041555,0.0
2026-04-11 08:20:07.236999989,3.503892616567694,17425731584.0,98784.5789206373,164.5832336247821,2.2666666666666666,25.270305692166566,0.0
2026-04-11 08:20:22.236999989,3.4959440450121413,17369661440.0,88717.89318392264,166.00011084804197,2.25,24.90557263136823,0.0
2026-04-11 08:20:37.236999989,3.5212414580941838,17369661440.0,88717.89318392264,166.11677751470864,2.25,24.52627184219388,0.0
2026-04-11 08:20:52.236999989,3.5212414580941838,17369661440.0,88717.89318392267,163.2834441813753,2.25,24.942515989961706,0.0
2026-04-11 08:21:07.236999989,3.4106768419404707,17368018944.0,88717.89318392267,164.3334441813753,2.25,24.82890317778929,0.0
2026-04-11 08:21:22.236999989,3.5363850016268814,17207738368.0,86560.5004976539,163.4661352919394,2.3,25.54355292575656,0.0
2026-04-11 08:21:37.236999989,3.585941737111357,17207738368.0,86560.5004976539,163.28280195860606,2.3,26.31465389187004,0.0
2026-04-11 08:21:52.236999989,3.5859417371113573,17207738368.0,86560.50049765393,158.78280195860606,2.3,26.408119011286,0.0
2026-04-11 08:22:07.236999989,3.5309698557785767,17205940224.0,86560.50049765393,156.13280195860608,2.3,26.704096022780178,0.0
2026-04-11 08:22:22.236999989,3.2612578746464407,17174753280.0,100645.91838672312,155.58333333333334,2.4,25.821978747036585,0.0
2026-04-11 08:22:37.236999989,3.4667444192844883,17174753280.0,100645.91838672312,155.61666666666667,2.4,24.36363644480392,0.0
2026-04-11 08:22:52.236999989,3.4667444192844883,17174753280.0,100645.91838672312,156.23333333333335,2.4,24.394480600648045,0.0
2026-04-11 08:23:07.236999989,3.18698076376983,17171660800.0,100645.91838672312,155.03333333333333,2.4,24.421336287714087,0.0
2026-04-11 08:23:22.236999989,3.766253156832824,17176305664.0,88762.62752707017,154.58374334700045,2.333333333333333,26.529088843819096,0.0
2026-04-11 08:23:37.236999989,3.781569822816788,17176305664.0,88762.62752707017,154.45041001366712,2.333333333333333,28.44874180128862,0.0
2026-04-11 08:23:52.236999989,3.781569822816788,17176305664.0,88762.62752707017,154.9849103108943,2.333333333333333,28.59707008832776,0.0
2026-04-11 08:24:07.236999989,3.4947940071382138,17177387008.0,88762.62752707017,158.36825169991744,2.333333333333333,28.31476440341145,0.0
2026-04-11 08:24:22.236999989,3.7426423892733767,17186017280.0,85311.63536203919,159.06768363332898,2.283333333333333,28.83071005861637,0.0
2026-04-11 08:24:37.236999989,3.779171420267088,17186017280.0,85311.63536203919,159.3009991894771,2.283333333333333,27.834516257378148,0.0
2026-04-11 08:24:52.236999989,3.772925520371707,17186017280.0,85311.63536203919,161.16530085666164,2.283333333333333,27.475509484045396,0.0
2026-04-11 08:25:07.236999989,3.657074631357762,17210515456.0,85311.63536203919,156.39861807888386,2.283333333333333,27.87238225429872,0.0
2026-04-11 08:25:22.236999989,3.273236769013842,17481338880.0,102030.35098626574,154.0660797682832,1.9333333333333331,22.970780471365725,0.0
2026-04-11 08:25:37.236999989,3.304441780513349,17481338880.0,102030.35098626574,153.76610976809806,1.9333333333333331,20.65537878744361,0.0
2026-04-11 08:25:52.236999989,3.2954577298024668,17481338880.0,102030.35098626574,152.46730780368637,1.9333333333333331,21.04651860333394,0.0
2026-04-11 08:26:07.236999989,3.2293662537364742,17481940992.0,102030.35098626574,155.00064780366782,1.9333333333333331,20.940095503430666,0.0
2026-04-11 08:26:22.236999989,3.678613069360668,17499582464.0,85284.35893441347,157.9662502925412,2.5,24.60521684586889,0.0
2026-04-11 08:26:37.236999989,3.737789302649497,17499582464.0,85284.35893441347,158.06623806991155,2.5,28.286374078218707,0.0
2026-04-11 08:26:52.236999989,3.737789302649497,17499582464.0,85284.35893441347,157.9829047365782,2.5,27.998583380544265,0.0
2026-04-11 08:27:07.236999989,3.656472143524831,17499996160.0,85284.35893441347,158.19957418102268,2.5,28.080756677043865,0.0
2026-04-11 08:27:22.236999989,3.696551056459982,17466839040.0,95189.73580698116,156.93338222839816,2.15,29.067631671474263,0.0
2026-04-11 08:27:37.236999989,3.878926505593376,17466839040.0,95189.73580698116,156.7167155617315,2.15,29.656069657034017,0.0
2026-04-11 08:27:52.236999989,3.877098500642616,17466839040.0,95189.73580698116,161.08338222839816,2.15,29.31970600708036,0.0
2026-04-11 08:28:07.236999989,3.582875692662724,17471561728.0,95189.73580698116,163.13338083939354,2.15,28.93614715161232,0.0
2026-04-11 08:28:22.236999989,3.490004760869347,17571287040.0,88909.83300332498,164.6161597435041,2.4999166694443518,27.05870603092144,0.0
2026-04-11 08:28:37.236999989,3.718743300858825,17571287040.0,88909.83300332498,164.93280974405965,2.4999166694443518,24.595629111199862,0.0
2026-04-11 08:28:52.236999989,3.718743300858825,17571287040.0,88909.833003325,162.9494764107263,2.4999166694443518,25.039005564776915,0.0
2026-04-11 08:29:07.236999989,3.4094024144221997,17568731136.0,88909.833003325,162.366143077393,2.4999166694443518,25.061939351293244,0.0
2026-04-11 08:29:22.236999989,3.548566517451746,17517539328.0,86011.370775223,162.98354140808837,2.3334111137037903,24.22662040183456,0.0
2026-04-11 08:29:37.236999989,3.584139023455994,17517539328.0,86011.370775223,163.10020696368096,2.3334111137037903,24.561198292861995,0.0
2026-04-11 08:29:52.236999989,3.584139023455994,17517539328.0,86011.37077522301,163.4335402970143,2.3334111137037903,24.225451881375065,0.0
2026-04-11 08:30:07.236999989,3.258602819647032,17489731584.0,86011.37077522301,162.61687363034764,2.3334111137037903,24.302699321273263,0.0
2026-04-11 08:30:22.236999989,3.349874194574198,17469497344.0,99564.03922164792,160.4168511150741,2.1333333333333333,23.721969838528423,0.0
2026-04-11 08:30:37.236999989,3.4816035017532445,17469497344.0,99564.03922164792,160.00022389298155,2.1333333333333333,23.48339233381318,0.0
2026-04-11 08:30:52.236999989,3.481114609154172,17469497344.0,99564.03922164792,160.91689055964824,2.1333333333333333,23.455500187728525,0.0
2026-04-11 08:31:07.236999989,3.247559622733186,17468342272.0,99564.03922164792,160.1835572263149,2.1333333333333333,23.762313794659764,0.0
2026-04-11 08:31:22.236999989,3.5005616802200903,17528877056.0,88731.2157825184,160.8669002820325,2.183333333333333,24.938368905142028,0.0
2026-04-11 08:31:37.236999989,3.560382179951526,17528877056.0,88731.2157825184,161.30018444935183,2.183333333333333,25.01763075936805,0.0
2026-04-11 08:31:52.236999989,3.560382179951526,17528877056.0,88731.2157825184,157.68351778268516,2.183333333333333,25.24116017113275,0.0
2026-04-11 08:32:07.236999989,2.5320539070756523,17534193664.0,88731.2157825184,157.6668511160185,2.183333333333333,24.961608575064485,0.0
2026-04-11 08:32:22.236999989,3.9742961132710857,17589739520.0,86061.8661894446,157.94906920612326,2.283333333333333,27.31934530949005,0.0
2026-04-11 08:32:37.236999989,3.994513288640976,17589739520.0,86061.8661894446,157.69909670474834,2.283333333333333,29.56281372838349,0.0
2026-04-11 08:32:52.236999989,3.994233287084717,17589739520.0,86061.8661894446,157.265763371415,2.283333333333333,29.79155430965365,0.0
2026-04-11 08:33:07.236999989,3.27211042615298,17589059584.0,86061.8661894446,156.432039224289,2.283333333333333,29.93710670836198,0.0
2026-04-11 08:33:22.236999989,3.003225754715133,17586958336.0,96919.1432945596,154.18309002199905,2.0666666666666664,23.992546506960707,0.0
2026-04-11 08:33:37.236999989,3.204988967666667,17586958336.0,96919.1432945596,154.31644752320744,2.0666666666666664,18.867523383894195,0.0
2026-04-11 08:33:52.236999989,3.204199112150289,17586958336.0,96919.14329455956,154.2997808565408,2.0666666666666664,18.73942120346382,0.0
2026-04-11 08:34:07.236999989,2.9196387203552434,17587834880.0,96919.14329455956,154.21723335675108,2.0666666666666664,18.75360375720586,0.0
2026-04-11 08:34:22.236999989,2.8833768676129616,17578164224.0,65182.38779620292,155.88432531521914,2.283333333333333,18.166236343082478,0.0
2026-04-11 08:34:37.236999989,3.1883517123942533,17578164224.0,89810.22160717333,155.43428864796903,2.283333333333333,18.285641139697503,0.0
2026-04-11 08:34:52.236999989,3.1883128548227315,17578164224.0,89810.22160717334,156.38428864796904,2.283333333333333,18.34032863427209,0.0
2026-04-11 08:35:07.236999989,2.638162220924773,17565892608.0,89810.22160717334,156.1672269615514,2.283333333333333,18.4115424789684,0.0
2026-04-11 08:35:22.236999989,3.176078273617126,16852119552.0,86548.61804070644,155.74962806217115,2.2333333333333334,18.47246428776109,0.0
2026-04-11 08:35:37.236999989,3.1973877761553764,16852119552.0,86548.61804070644,156.03296806208786,2.2333333333333334,19.020950783982585,0.0
2026-04-11 08:35:52.236999989,3.1973877761553764,16852119552.0,86548.61804070644,155.5496347287545,2.2333333333333334,18.940472628528106,0.0
2026-04-11 08:36:07.236999989,3.0031619925331507,16852119552.0,86548.61804070644,160.26630139542118,2.2333333333333334,18.581049808819245,0.0
2026-04-11 08:50:15.443000078,3.370309629253875,16521482240.0,87205.1044685729,327.06762893654866,5.066666666666666,20.29972667366538,0.0
2026-04-11 08:50:30.443000078,4.676903331896655,16558927872.0,87160.09719222462,327.3175542157939,4.716666666666668,19.38121289203493,0.0
2026-04-11 08:50:45.443000078,4.702439812765935,16558927872.0,87160.09719222462,327.3175542157939,4.716666666666667,19.38121289203493,0.0
2026-04-11 08:51:00.443000078,4.644129241837757,16558927872.0,87160.09719222462,325.0508875491272,4.716666666666667,19.49894416169394,0.0
2026-04-11 08:51:15.443000078,2.302376529073203,16578818048.0,,326.64962861888404,4.716666666666667,19.45243088442765,0.0
2026-04-11 08:51:30.443000078,4.677403882512822,16657612800.0,100310.07690728488,326.19965945717564,4.733333333333334,19.4338343706606,0.0
2026-04-11 08:51:45.443000078,4.677403882512822,16657612800.0,100310.07690728488,326.19965945717564,4.733333333333333,19.433834370660527,0.0
2026-04-11 08:52:00.443000078,4.6758851007452895,16657612800.0,100310.07690728488,328.6289279937488,4.733333333333333,19.26672403449164,0.0
2026-04-11 08:52:15.443000078,2.991656776403516,16657592320.0,,327.79602911192484,4.733333333333333,19.309801692818617,0.0
2026-04-11 08:52:30.443000078,4.665804619086517,16631197696.0,87625.53944893216,328.0960868889994,4.716666666666668,19.932942665628065,0.0
2026-04-11 08:52:45.443000078,4.667221707785786,16631197696.0,87625.53944893216,328.0960868889994,4.716666666666667,19.932942665628065,0.0
2026-04-11 08:53:00.443000078,4.656013868627646,16631197696.0,87625.53944893216,327.65425272414484,4.716666666666667,19.95079439000101,0.0
2026-04-11 08:53:15.443000078,4.270803943448111,17088053248.0,87621.2993740557,327.5040246685476,4.716666666666667,19.92981354432885,0.0
2026-04-11 08:53:30.443000078,4.999054226380861,17216892928.0,87616.19678118937,327.9026269519698,4.9830841791243765,20.17130571097653,0.0
2026-04-11 08:53:45.443000078,4.99905422638086,17216892928.0,87616.19678118937,327.9026269519698,4.9830841791243765,20.17130571097653,0.0
2026-04-11 08:54:00.443000078,4.975437822205529,17216892928.0,87616.19678118937,315.5151925802512,4.9830841791243765,20.591498961250064,0.0
2026-04-11 08:54:15.443000078,2.66766451590928,17258000384.0,61898.652620990746,315.1153100678299,4.9830841791243765,20.8143836747058,0.0
2026-04-11 08:54:30.443000078,4.686367096382023,17354395648.0,97522.39963287071,314.70136867897094,4.650232511625581,20.729987506762946,0.0
2026-04-11 08:54:45.443000078,4.686911166852725,17354395648.0,97522.39963287071,314.70136867897094,4.650232511625581,20.729987506762946,0.0
2026-04-11 08:55:00.443000078,4.684906347571613,17354395648.0,97522.39963287071,320.21725038488563,4.650232511625581,20.564637844205087,0.0
2026-04-11 08:55:15.443000078,2.145466900772945,17317593088.0,,320.1020571006651,4.650232511625581,20.35919691514665,0.0
2026-04-11 08:55:30.443000078,4.637225700051709,17122009088.0,89800.65251312118,318.63402175502745,4.400000000000001,19.0323223906006,0.0
2026-04-11 08:55:45.443000078,4.637225700051709,17122009088.0,89800.65251312118,318.63402175502745,4.4,19.03232239060057,0.0
2026-04-11 08:56:00.443000078,4.529685649348377,17122009088.0,89800.65251312118,325.6522792560731,4.4,18.965888204326568,0.0
2026-04-11 08:56:15.443000078,3.851447149990355,17123225600.0,88480.63577344974,325.91630535172783,4.4,19.01985895707604,0.0
2026-04-11 08:56:30.443000078,4.691590584676996,17111355392.0,86891.28000759085,327.59958368781105,4.716666666666668,19.7446972749466,0.0
2026-04-11 08:56:45.443000078,4.696050218200623,17111355392.0,86891.28000759085,327.59958368781105,4.716666666666667,19.744697274946542,0.0
2026-04-11 08:57:00.443000078,4.687764904612783,17111355392.0,86891.28000759085,327.748777814184,4.716666666666667,19.49773921061541,0.0
2026-04-11 08:57:15.443000078,3.3346049506544904,17007218688.0,60951.698596324764,328.0840250151945,4.716666666666667,19.438090200123284,0.0
2026-04-11 08:57:30.443000078,4.729010001114475,16841469952.0,97450.07841087296,328.9507689053152,5.416666666666668,19.676022128873672,0.0
2026-04-11 08:57:45.443000078,4.738615760463746,16841469952.0,97450.07841087296,328.9507689053151,5.416666666666667,19.67602212887372,0.0
2026-04-11 08:58:00.443000078,4.711853909020491,16841469952.0,97450.07841087296,324.0174055729818,5.416666666666667,19.89306216930901,0.0
2026-04-11 08:58:15.443000078,2.205673321174611,16849678336.0,,324.29891808918904,5.416666666666667,19.952444478910365,0.0
2026-04-11 08:58:30.443000078,4.76895956164755,16893005824.0,88768.5019524869,322.6488958629852,4.6000000000000005,20.75989553543176,0.0
2026-04-11 08:58:45.443000078,4.769229911792689,16893005824.0,88768.5019524869,322.6488958629852,4.6,20.75989553543176,0.0
2026-04-11 08:59:00.443000078,4.663227138876852,16893005824.0,88768.5019524869,320.3788204358693,4.6,20.930394763374792,0.0
2026-04-11 08:59:15.443000078,3.178498319884204,16937271296.0,88324.92576509157,320.3813971239829,4.6,20.887270301566865,0.0
2026-04-11 08:59:30.443000078,4.677521201124995,16959303680.0,87779.19418126135,320.5147304593162,4.683333333333335,19.56425394503553,0.0
2026-04-11 08:59:45.443000078,4.677521201124996,16959303680.0,87779.19418126137,320.51473045931624,4.683333333333334,19.56425394503551,0.0
2026-04-11 09:00:00.443000078,4.65150055274636,16959303680.0,87779.19418126137,323.3883007358306,4.683333333333334,19.469197964265533,0.0
2026-04-11 09:00:15.443000078,2.2082667415644908,16961380352.0,61154.66734615753,321.8360734756436,4.683333333333334,19.547188262080432,0.0
2026-04-11 09:00:30.443000078,4.777053182666752,16955191296.0,87267.88267819124,321.90267569855087,4.866666666666667,19.475560731972912,0.0
2026-04-11 09:00:45.443000078,4.777820113134863,16955191296.0,87267.88267819124,321.90267569855087,4.866666666666666,19.475560731972912,0.0
2026-04-11 09:01:00.443000078,4.775898223088663,16955191296.0,87267.88267819124,318.91535253231854,4.866666666666666,19.560300912474112,0.0
2026-04-11 09:01:15.443000078,2.1366218563386834,16953483264.0,,319.9653341992352,4.866666666666666,19.461987034174832,0.0
2026-04-11 09:01:30.443000078,4.672120390431303,16934764544.0,100346.81073544789,319.23214447828644,4.533333333333334,20.325711381692905,0.0
2026-04-11 09:01:45.443000078,4.672120390431303,16934764544.0,100346.81073544789,319.23214447828644,4.533333333333333,20.325711381692905,0.0
2026-04-11 09:02:00.443000078,4.608152352867092,16934764544.0,100346.81073544789,323.11618505255524,4.533333333333333,20.03031691057184,0.0
2026-04-11 09:02:15.443000078,4.508648941119215,16980078592.0,94164.15836799504,323.7175736728016,4.533333333333333,20.03068384550059,0.0
2026-04-11 09:02:30.443000078,4.731634954096522,17005101056.0,86768.27003259798,325.1507745048429,4.716666666666668,19.678574700315338,0.0
2026-04-11 09:02:45.443000078,4.731718425403503,17005101056.0,86768.27003259798,325.1507745048429,4.716666666666667,19.67857470031537,0.0
2026-04-11 09:03:00.443000078,4.709278768798018,17005101056.0,86768.27003259798,329.900994766534,4.716666666666667,19.622318039845812,0.0
2026-04-11 09:03:15.443000078,3.4690857525339847,17076690944.0,86966.11366651162,331.11603007208174,4.716666666666667,19.78690265225893,0.0
2026-04-11 09:03:30.443000078,4.751569789663476,17194696704.0,87130.94899731565,331.01610035086435,4.716666666666668,20.50833085826613,0.0
2026-04-11 09:03:45.443000078,4.762325794059741,17194696704.0,87130.94899731565,331.01610035086435,4.716666666666667,20.508330858266184,0.0
2026-04-11 09:04:00.443000078,4.629176352450202,17194696704.0,87130.94899731565,331.782364497405,4.716666666666667,20.64197382138337,0.0
2026-04-11 09:04:15.443000078,1.8195390992006129,17436696576.0,,330.9339930806536,4.716666666666667,20.52286263003366,0.0
2026-04-11 09:04:30.443000078,4.823415084918513,17609617408.0,97464.65029550268,331.8840183561674,4.983333333333334,20.00008366701081,0.0
2026-04-11 09:04:45.443000078,4.823415084918513,17609617408.0,97464.65029550268,331.8840183561674,4.983333333333333,20.00008366701076,0.0
2026-04-11 09:05:00.443000078,4.787476770876412,17609617408.0,97464.65029550268,326.31735168950075,4.983333333333333,20.01214854305937,0.0
2026-04-11 09:05:15.443000078,2.8121128266641997,17608925184.0,,326.33369722899084,4.983333333333333,19.94649329606714,0.0
2026-04-11 09:05:30.443000078,4.626945037432444,17630117888.0,89984.55659423952,325.05026334063894,4.916666666666668,19.538197119646988,0.0
2026-04-11 09:05:45.443000078,4.626945037432445,17630117888.0,89984.55659423952,325.0502633406389,4.916666666666667,19.53819711964706,0.0
2026-04-11 09:06:00.443000078,4.608807037675215,17630117888.0,89984.5565942395,323.4002633406389,4.916666666666667,19.617345591887297,0.0
2026-04-11 09:06:15.443000078,3.159399151596822,17458110464.0,88495.82136665891,322.1993161339066,4.916666666666667,19.652283473384166,0.0
2026-04-11 09:06:30.443000078,4.686388504810285,17374588928.0,86704.09927972786,322.8994494677957,4.883333333333335,19.954793397074592,0.0
2026-04-11 09:06:45.443000078,4.686717045460592,17374588928.0,86704.09927972786,322.8994494677957,4.883333333333333,19.954793397074567,0.0
2026-04-11 09:07:00.443000078,4.680531798954052,17374588928.0,86704.09927972786,320.682782801129,4.883333333333333,19.95831055645013,0.0
2026-04-11 09:07:15.443000078,2.8578347906181443,17425256448.0,61537.15066254584,321.7003991745696,4.883333333333333,19.95683513434264,0.0
2026-04-11 09:07:30.443000078,4.638102647223259,17506676736.0,98270.42244610688,320.1836258397917,4.400000000000001,19.73365164880645,0.0
2026-04-11 09:07:45.443000078,4.642856935200472,17506676736.0,98270.42244610688,320.1836258397917,4.4,19.73365164880648,0.0
2026-04-11 09:08:00.443000078,4.632510227632761,17506676736.0,98270.42244610688,330.2502925064584,4.4,19.434935827213216,0.0
2026-04-11 09:08:15.443000078,2.1687574457641734,17518878720.0,,330.93406945829645,4.4,19.366484958567572,0.0
2026-04-11 09:08:30.443000078,4.896037596381413,17547919360.0,90112.53495978635,332.9840711249076,5.316666666666667,19.812032521392265,0.0
2026-04-11 09:08:45.443000078,4.896378038438107,17547919360.0,90112.53495978635,332.9840711249076,5.316666666666666,19.81203252139221,0.0
2026-04-11 09:09:00.443000078,4.8923770979657,17547919360.0,90112.53495978635,321.3174044582409,5.316666666666666,20.303836554163187,0.0
2026-04-11 09:09:15.443000078,4.152629250975094,17523765248.0,88854.82755042032,316.8329080631434,5.316666666666666,20.4942237885498,0.0
2026-04-11 09:09:30.443000078,4.432638955654645,17528958976.0,87334.09755258783,312.3996041746434,4.200000000000001,18.908807580934592,0.0
2026-04-11 09:09:45.443000078,4.43728589007508,17528958976.0,87334.09755258783,312.3996041746434,4.2,18.90880758093464,0.0
2026-04-11 09:10:00.443000078,4.400444220040368,17528958976.0,87334.09755258783,305.0162708413101,4.2,19.340588953885568,0.0
2026-04-11 09:10:15.443000078,3.4435399193853096,17542729728.0,61049.80921791712,306.1156500284807,4.2,20.043178633359325,0.0
2026-04-11 09:10:30.443000078,4.612957129560538,17540370432.0,87240.41983098949,308.6489575275316,4.516666666666668,21.86034224685519,0.0
2026-04-11 09:10:45.443000078,4.614012165255933,17540370432.0,87240.41983098949,308.6489575275316,4.516666666666667,21.860342246855108,0.0
2026-04-11 09:11:00.443000078,4.602724976438783,17540370432.0,87240.41983098949,324.4489575275316,4.516666666666667,21.307496099727636,0.0
2026-04-11 09:11:15.443000078,1.2685488906529394,17611010048.0,,326.61750197360743,4.516666666666667,20.531838475125333,0.0
2026-04-11 09:11:30.443000078,4.700716738935123,17819758592.0,99932.29166666669,327.1000722832316,4.516516116129462,19.72670781247485,0.0
2026-04-11 09:11:45.443000078,4.700716738935123,17819758592.0,99932.29166666669,327.1000722832316,4.516516116129462,19.72670781247485,0.0
2026-04-11 09:12:00.443000078,4.699001517628922,17819758592.0,99932.29166666669,321.38340561656497,4.516516116129462,19.56826770753145,0.0
2026-04-11 09:12:15.443000078,4.2288126302325,17798619136.0,93878.2502058178,321.61606922719886,4.516516116129462,19.570390476097067,0.0
2026-04-11 09:12:30.443000078,4.688810915266001,17753993216.0,86626.54553679132,322.38446478178406,5.166838894629821,19.847878864046937,0.0
2026-04-11 09:12:45.443000078,4.693039582031058,17753993216.0,86626.54553679132,322.38446478178406,5.166838894629821,19.847878864046937,0.0
2026-04-11 09:13:00.443000078,4.648733613351866,17753993216.0,86626.54553679132,321.0011314484507,5.166838894629821,20.08750000393939,0.0
2026-04-11 09:13:15.443000078,3.4672008081119428,17726054400.0,60582.996509034485,320.4842728090936,5.166838894629821,20.076892719083613,0.0
2026-04-11 09:13:30.443000078,4.699370036884143,17598599168.0,87232.78854842034,318.81664000088887,4.300000000000001,19.64212027540933,0.0
2026-04-11 09:13:45.443000078,4.699997423139303,17598599168.0,87232.78854842033,318.81664000088887,4.3,19.642120275409376,0.0
2026-04-11 09:14:00.443000078,4.687657537116298,17598599168.0,87232.78854842033,316.1999733342222,4.3,19.73909808719204,0.0
2026-04-11 09:14:15.443000078,1.7273952095725935,17704321024.0,,315.8159036242729,4.3,19.79448891361005,0.0
2026-04-11 09:14:30.443000078,4.721021471912464,17822375936.0,100322.79339834012,317.26593029005073,5.283333333333334,20.55402673632838,0.0
2026-04-11 09:14:45.443000078,4.721378838587084,17822375936.0,100322.79339834012,317.26593029005073,5.283333333333333,20.554026736328403,0.0
2026-04-11 09:15:00.443000078,4.7207947481248445,17822617600.0,100322.79339834012,328.79648093836244,5.283333333333333,20.064396696251663,0.0
2026-04-11 09:15:15.443000078,3.987835909031384,17728716800.0,93949.53644542403,329.0477551264052,5.283333333333333,20.067796614013577,0.0
2026-04-11 09:15:30.443000078,4.899768708375778,17703682048.0,86359.97068826217,328.43111790516446,4.966666666666668,21.870791303484708,0.0
2026-04-11 09:15:45.443000078,4.899768708375778,17703682048.0,86359.97068826217,328.43111790516446,4.966666666666667,21.87079130348478,0.0
2026-04-11 09:16:00.443000078,4.895745970216547,17703776256.0,86359.97068826217,324.2032823473557,4.966666666666667,22.241527404063905,0.0
2026-04-11 09:16:15.443000078,3.275657674448864,17717776384.0,60227.08372478282,324.7533840016889,4.966666666666667,22.208762919250944,0.0
2026-04-11 09:16:30.443000078,4.981997001075103,17583427584.0,86552.97924394286,324.77002122292964,4.716666666666668,23.20416226026861,0.0
2026-04-11 09:16:45.443000078,4.987270260351525,17583427584.0,86552.97924394287,324.77002122292964,4.716666666666667,23.2041622602687,0.0
2026-04-11 09:17:00.443000078,4.940627746638655,17583427584.0,86552.97924394287,320.85063946576,4.716666666666667,23.191291894308087,0.0
2026-04-11 09:17:15.443000078,2.270017807533404,17544814592.0,,318.8833333333333,4.716666666666667,23.32250238845713,0.0
2026-04-11 09:17:30.443000078,4.675413067736763,17548013568.0,100405.16546876234,317.765786695999,4.166527782407252,20.297846036459152,0.0
2026-04-11 09:17:45.443000078,4.675413067736763,17548013568.0,100405.16546876234,317.765786695999,4.166527782407252,20.297846036459152,0.0
2026-04-11 09:18:00.443000078,4.674447152564138,17548013568.0,100405.16546876234,314.4824533626657,4.166527782407252,20.41036151575368,0.0
2026-04-11 09:18:15.443000078,4.497309128475089,17616408576.0,94632.77748512509,316.43170393071176,4.166527782407252,20.30427917308269,0.0
2026-04-11 09:18:30.443000078,4.91393542869004,17619181568.0,87671.58151407778,317.5983486534108,4.766507783073897,21.359366505633723,0.0
2026-04-11 09:18:45.443000078,4.91393542869004,17619181568.0,87671.58151407778,317.5983486534108,4.766507783073897,21.359366505633723,0.0
2026-04-11 09:19:00.443000078,4.716839404561648,17619181568.0,87671.58151407778,321.89834865341084,4.766507783073897,21.26096391986315,0.0
2026-04-11 09:19:15.443000078,4.045964998706737,17738891264.0,87090.11495045832,320.98316559760104,4.766507783073897,21.327793980531183,0.0
2026-04-11 09:19:30.443000078,4.943370804315332,17764265984.0,86609.19504009832,321.5525790232398,4.9003266884458965,23.68023909643368,0.0
2026-04-11 09:19:45.443000078,4.969078890338066,17764265984.0,86609.19504009832,321.5525790232398,4.9003266884458965,23.68023909643368,0.0
2026-04-11 09:20:00.443000078,4.909298227684003,17764265984.0,86609.19504009832,327.8185065601963,4.9003266884458965,23.508241977832416,0.0
2026-04-11 09:20:15.443000078,1.1784139165406275,17769631744.0,,328.6506748884737,4.9003266884458965,23.46660301058737,0.0
2026-04-11 09:20:30.443000078,4.8091071711112265,17914748928.0,97129.60249562791,328.43216337747026,4.583333333333334,21.391668979636783,0.0
2026-04-11 09:20:45.443000078,4.81155417591669,17914748928.0,97129.60249562791,328.43216337747026,4.583333333333333,21.391668979636705,0.0
2026-04-11 09:21:00.443000078,4.670775472829038,17914748928.0,97129.60249562791,316.63276058623046,4.583333333333333,21.711028856131637,0.0
2026-04-11 09:21:15.443000078,3.5891280124224543,17926668288.0,62582.34214915416,315.682997828906,4.583333333333333,21.773766784755374,0.0
2026-04-11 09:21:30.443000078,4.809665065320984,17928077312.0,90035.73981415297,314.6829706075912,4.983333333333334,22.99020752295438,0.0
2026-04-11 09:21:45.443000078,4.810159181582089,17928077312.0,90035.73981415297,314.6829706075912,4.983333333333333,22.990207522954464,0.0
2026-04-11 09:22:00.443000078,4.536274331357174,17928077312.0,90035.73981415297,317.93404339944544,4.983333333333333,22.783061877358072,0.0
2026-04-11 09:22:15.443000078,3.739211989424277,17758806016.0,88675.96306635175,319.4515497822384,4.983333333333333,22.59332910971681,0.0
2026-04-11 09:22:30.443000078,4.7419453752106975,17741189120.0,87533.29750407032,320.8849125614421,4.816666666666667,21.07395501343664,0.0
2026-04-11 09:22:45.443000078,4.760954560277383,17741189120.0,87533.29750407032,320.8849125614421,4.816666666666666,21.07395501343664,0.0
2026-04-11 09:23:00.443000078,4.717455699830298,17741189120.0,87533.29750407032,322.30061502498216,4.816666666666666,21.09852757179908,0.0
2026-04-11 09:23:15.443000078,0.7716274201746638,17745289216.0,,320.9993483574622,4.816666666666666,21.165364204057223,0.0
2026-04-11 09:23:30.443000078,4.782280597120233,17763618816.0,97034.13319038913,320.6827172452771,4.966666666666668,20.683394800948346,0.0
2026-04-11 09:23:45.443000078,4.782634726928428,17763618816.0,97034.13319038913,320.6827172452771,4.966666666666667,20.683394800948403,0.0
2026-04-11 09:24:00.443000078,4.73591306596094,17763618816.0,97034.13319038913,323.46611946757344,4.966666666666667,20.45261026616968,0.0
2026-04-11 09:24:15.443000078,2.323410093228558,17606385664.0,,322.6503797297733,4.966666666666667,20.514038170489087,0.0
2026-04-11 09:24:30.443000078,4.648867724016015,17520594944.0,90207.947103673,321.60031472942137,4.666666666666668,20.57554856952371,0.0
2026-04-11 09:24:45.443000078,4.65637511831174,17520594944.0,90207.947103673,321.60031472942137,4.666666666666667,20.575548569523647,0.0
2026-04-11 09:25:00.443000078,4.443687792974977,17520594944.0,90207.947103673,305.0662150425538,4.666666666666667,21.176277117702355,0.0
2026-04-11 09:25:15.443000078,4.288988233695292,17514237952.0,88723.16661923118,304.9999622717298,4.666666666666667,21.222729694792783,0.0
2026-04-11 09:25:30.443000078,4.655589919192278,17493327872.0,86943.02945248345,305.20002504978544,4.450000000000001,20.854663424831827,0.0
2026-04-11 09:25:45.443000078,4.655589919192278,17493327872.0,86943.02945248345,305.20002504978544,4.45,20.854663424831905,0.0
2026-04-11 09:26:00.443000078,4.6491621818102,17493327872.0,86943.02945248345,321.90151005095584,4.45,20.458598302880493,0.0
2026-04-11 09:26:15.443000078,3.2064927464181663,17436565504.0,61827.72408202001,324.19947399365606,4.45,20.262895697495125,0.0
2026-04-11 09:26:30.443000078,4.777351427935771,17410125824.0,96748.51996473108,325.59939843824856,5.216666666666668,21.29689845458651,0.0
2026-04-11 09:26:45.443000078,4.777351427935771,17410125824.0,96748.51996473108,325.59939843824856,5.216666666666667,21.29689845458651,0.0
2026-04-11 09:27:00.443000078,4.776774613606204,17410125824.0,96748.51996473108,326.1153109005383,5.216666666666667,21.117885210316075,0.0
2026-04-11 09:27:15.443000078,2.023922872399901,17413029888.0,,326.3003986197547,5.216666666666667,21.191430461453084,0.0
2026-04-11 09:27:30.443000078,4.829571217199578,17449418752.0,90204.89320755909,325.85046806384736,5.083333333333334,21.153580518380057,0.0
2026-04-11 09:27:45.443000078,4.830103417101673,17449418752.0,90204.89320755909,325.85046806384736,5.083333333333333,21.15358051838012,0.0
2026-04-11 09:28:00.443000078,4.823354153106706,17449418752.0,90204.89320755909,326.76713473051404,5.083333333333333,21.241563031090383,0.0
2026-04-11 09:28:15.443000078,4.2927581430436845,17531043840.0,88993.55819214895,323.732452824257,5.083333333333333,21.327082038561137,0.0
2026-04-11 09:28:30.443000078,4.768810699170119,17568288768.0,87528.40952453637,321.9490900454977,4.516666666666668,20.66908528148489,0.0
2026-04-11 09:28:45.443000078,4.768810699170119,17568288768.0,87528.40952453637,321.9490900454977,4.516666666666667,20.6690852814848,0.0
2026-04-11 09:29:00.443000078,4.753177452275375,17568288768.0,87528.40952453637,318.3490900454977,4.516666666666667,20.81610504343577,0.0
2026-04-11 09:29:15.443000078,3.416069530008826,17555709952.0,61630.94135646417,321.48366056100934,4.516666666666667,20.728889082109376,0.0
2026-04-11 09:29:30.443000078,4.882221115733069,17586642944.0,86986.66940763466,323.53366056100936,4.766666666666668,20.948922040229284,0.0
2026-04-11 09:29:45.443000078,4.894182930095025,17586642944.0,86986.66940763466,323.53366056100936,4.766666666666667,20.948922040229263,0.0
2026-04-11 09:30:00.443000078,4.879140361411904,17586642944.0,86986.66940763466,326.516208100299,4.766666666666667,20.867329355650845,0.0
2026-04-11 09:30:15.443000078,2.307999950905023,17657888768.0,,325.8991047740767,4.766666666666667,20.875318995322864,0.0
2026-04-11 09:30:30.443000078,4.747015611634229,17710280704.0,99436.65684118592,324.84907421953966,4.616666666666667,20.52245088352564,0.0
2026-04-11 09:30:45.443000078,4.747015611634229,17710280704.0,99436.65684118592,324.8490742195396,4.616666666666666,20.52245088352561,0.0
2026-04-11 09:31:00.443000078,4.743891812489361,17710280704.0,99436.65684118592,324.11728171800183,4.616666666666666,20.41442510070628,0.0
2026-04-11 09:31:15.443000078,3.956299452377012,17596686336.0,93802.86901040551,323.83566816422274,4.616666666666666,20.37535053945732,0.0
2026-04-11 09:31:30.443000078,4.682026414256928,17578688512.0,86941.32507692892,324.535694832445,4.883333333333335,20.94137008591608,0.0
2026-04-11 09:31:45.443000078,4.777360711762566,17578688512.0,86941.32507692892,324.535694832445,4.883333333333333,20.941370085916013,0.0
2026-04-11 09:32:00.443000078,4.604247883347564,17578688512.0,86941.32507692892,331.6850006310683,4.883333333333333,20.80714276962562,0.0
2026-04-11 09:32:15.443000078,3.38016816212431,17534070784.0,61304.50184486952,333.316723616727,4.883333333333333,20.80149161903424,0.0
2026-04-11 09:32:30.443000078,5.173183032631285,17366171648.0,86693.49981869491,334.1334263930048,5.100000000000001,25.424849819147127,0.0
2026-04-11 09:32:45.443000078,5.173183032631285,17366171648.0,86693.49981869491,334.1334263930048,5.1,25.424849819147237,0.0
2026-04-11 09:33:00.443000078,5.1697575814408445,17366474752.0,86693.49981869491,322.9833655566297,5.1,25.99641070016369,0.0
2026-04-11 09:33:15.443000078,1.379113643761978,17361911808.0,,320.816382228574,5.1,26.182711422089508,0.0
2026-04-11 09:33:30.443000078,4.920929295465721,17378787328.0,99726.50657142408,319.2330308388471,4.666666666666668,23.90529843721535,0.0
2026-04-11 09:33:45.443000078,4.921276666723897,17378787328.0,99726.50657142408,319.2330308388471,4.666666666666667,23.90529843721536,0.0
2026-04-11 09:34:00.443000078,4.915760404440721,17378787328.0,99726.50657142408,316.2663641721805,4.666666666666667,24.03332737903952,0.0
2026-04-11 09:34:15.443000078,4.058798508267085,17323573248.0,93651.248709482,314.5828439212584,4.666666666666667,24.099363714107533,0.0
2026-04-11 09:34:30.443000078,4.855785258756327,17289875456.0,86383.68563076232,313.6994836434575,4.516666666666668,21.95648319905274,0.0
2026-04-11 09:34:45.443000078,4.865291724310764,17289875456.0,86383.68563076232,313.6994836434575,4.516666666666667,21.95648319905281,0.0
2026-04-11 09:35:00.443000078,4.840628911776208,17289875456.0,86383.68563076232,318.3828169767908,4.516666666666667,21.71951674183468,0.0
2026-04-11 09:35:15.443000078,2.997682240241416,17275543552.0,61623.24187279814,321.0158977905924,4.516666666666667,21.497289786002558,0.0
2026-04-11 09:35:30.443000078,4.661103351465866,17201631232.0,86877.86669192038,322.41447730648696,4.566438344749429,19.78504175736724,0.0
2026-04-11 09:35:45.443000078,4.667549190286539,17201631232.0,86877.86669192038,322.41447730648696,4.566438344749429,19.78504175736724,0.0
2026-04-11 09:36:00.443000078,4.657214974492189,17201631232.0,86877.86669192038,321.94781063982026,4.566438344749429,19.71562574435961,0.0
2026-04-11 09:36:15.443000078,2.1266119180807905,17107361792.0,,319.5663626042428,4.566438344749429,19.840367616471703,0.0
2026-04-11 09:36:30.443000078,4.593272306271105,17067499520.0,99824.10955462029,318.519144543921,4.5668950114172375,20.245506717966467,0.0
2026-04-11 09:36:45.443000078,4.603348651792557,17067499520.0,99824.10955462029,318.519144543921,4.5668950114172375,20.245506717966467,0.0
2026-04-11 09:37:00.443000078,4.579019847622363,17067499520.0,99824.10955462026,308.48267964830643,4.5668950114172375,20.56589001656623,0.0
2026-04-11 09:37:15.443000078,3.8923549827531487,17076224000.0,94676.45511997034,309.9468435591455,4.5668950114172375,20.485545244456453,0.0
2026-04-11 09:37:30.443000078,4.669985015001879,17113956352.0,88410.42992869567,310.9121615478042,4.566666666666667,20.01521636174524,0.0
2026-04-11 09:37:45.443000078,4.669985015001879,17113956352.0,88410.42992869567,310.9121615478042,4.566666666666666,20.015216361745296,0.0
2026-04-11 09:38:00.443000078,4.6600534685770505,17113956352.0,88410.42992869567,328.9893137070484,4.566666666666666,19.49783457088682,0.0
2026-04-11 09:38:15.443000078,2.8986238260928,17184727040.0,62197.84258521152,329.6242275699033,4.566666666666666,19.908204875302687,0.0
2026-04-11 09:38:30.443000078,4.718680548385318,17241972736.0,86340.58050641256,329.4575903486626,4.883333333333335,20.66263268017321,0.0
2026-04-11 09:38:45.443000078,4.733492592280284,17241972736.0,86340.58050641256,329.4575903486626,4.883333333333333,20.662632680173186,0.0
2026-04-11 09:39:00.443000078,4.70073765148137,17242025984.0,86340.58050641256,312.5784459904788,4.883333333333333,21.171507986968614,0.0
2026-04-11 09:39:15.443000078,2.926945610910719,17341136896.0,,310.52835125171435,4.883333333333333,21.01161682292478,0.0
2026-04-11 09:39:30.443000078,5.089365927899999,17380196352.0,99489.41815457612,310.0449606961032,4.966666666666668,26.164329301998723,0.0
2026-04-11 09:39:45.443000078,5.089365927899999,17380196352.0,99489.41815457612,310.0449606961032,4.966666666666667,26.164329301998723,0.0
2026-04-11 09:40:00.443000078,5.081537371329184,17380196352.0,99489.41815457612,316.85008445732404,4.966666666666667,26.032232070089368,0.0
2026-04-11 09:40:15.443000078,3.940723288721302,17357361152.0,93646.63299231644,317.25059057709325,4.966666666666667,25.966036495378297,0.0
2026-04-11 09:40:30.443000078,4.874693046449451,17349373952.0,86574.04923390831,317.4839861328711,4.716666666666668,25.359530435816893,0.0
2026-04-11 09:40:45.443000078,4.875825222418566,17349373952.0,86574.04923390831,317.4839861328711,4.716666666666667,25.359530435816783,0.0
2026-04-11 09:41:00.443000078,4.873468909489689,17349373952.0,86574.04923390831,321.66731946620445,4.716666666666667,25.173198983946644,0.0
2026-04-11 09:41:15.443000078,2.752475640060537,17340362752.0,61638.919428517,322.94865366704846,4.716666666666667,26.291101016171787,0.0
2026-04-11 09:41:30.443000078,4.88018357389745,17350021120.0,86759.6149293774,322.481885058164,4.583333333333334,24.87578047366428,0.0
2026-04-11 09:41:45.443000078,4.88018357389745,17350021120.0,86759.6149293774,322.481885058164,4.583333333333333,24.87578047366437,0.0
2026-04-11 09:42:00.443000078,4.868167878477918,17350021120.0,86759.6149293774,323.04804951934864,4.583333333333333,24.7557450282968,0.0
2026-04-11 09:42:15.443000078,3.524098075016525,17292046336.0,71713.66586863335,322.96715893730567,4.583333333333333,23.66296654011241,0.0
2026-04-11 09:42:30.443000078,4.956220952268537,17274441728.0,101993.3736405668,324.38399477234776,4.900000000000001,23.25907319324876,0.0
2026-04-11 09:42:45.443000078,4.956992359582837,17274441728.0,101993.3736405668,324.38399477234776,4.9,23.25907319324876,0.0
2026-04-11 09:43:00.443000078,4.676893980439341,17274441728.0,101993.3736405668,321.0516686613303,4.9,23.291209727329907,0.0
2026-04-11 09:43:15.443000078,4.180254688606024,17241231360.0,93581.8152286347,319.9843572510935,4.9,23.338990855833856,0.0
2026-04-11 09:43:30.443000078,4.9385839176494,17242103808.0,86511.12439814961,318.1675378032692,4.6000000000000005,21.96919330419425,0.0
2026-04-11 09:43:45.443000078,4.9385839176494,17242103808.0,86511.12439814961,318.1675378032691,4.6,21.969193304194228,0.0
2026-04-11 09:44:00.443000078,4.916539718607099,17242103808.0,86511.12439814961,319.95036611976855,4.6,22.2313959880678,0.0
2026-04-11 09:44:15.443000078,2.2031343876401683,17215504384.0,,320.7661961198054,4.6,22.235892945263096,0.0
2026-04-11 09:44:30.443000078,4.973961059054779,17191759872.0,96192.20278404816,321.8829483414721,4.366666666666667,23.946510449038,0.0
2026-04-11 09:44:45.443000078,4.9745231869720055,17191759872.0,96192.20278404816,321.8829483414721,4.366666666666666,23.946510449038,0.0
2026-04-11 09:45:00.443000078,4.972872084400272,17191759872.0,96192.20278404816,324.1496150081388,4.366666666666666,23.675785660298857,0.0
2026-04-11 09:45:15.443000078,0.7562907516163595,17191759872.0,,325.6845744804178,4.366666666666666,23.643187059920976,0.0
2026-04-11 09:49:49.473000050,5.982080329140962,17071759360.0,96931.22783999502,433.414307161959,6.416238917405506,34.8143043252158,0.0
2026-04-11 09:50:04.473000050,5.94529475988482,17071759360.0,96931.22783999502,495.0898160774071,6.416238917405506,33.95267260411167,0.0
2026-04-11 09:50:19.473000050,3.359850841015581,17131032576.0,,536.4319420244578,9.050603373558236,46.55382678530509,0.0
2026-04-11 09:50:34.473000050,7.102408491039777,17191649280.0,89055.82986363706,537.3319559138098,9.050603373558236,46.38531121425571,0.0
2026-04-11 09:50:49.473000050,7.102408491039777,17191649280.0,89055.82986363706,611.5319559138097,9.050603373558236,45.47969458259364,0.0
2026-04-11 09:51:04.473000050,7.127234243769335,17183199232.0,89055.82986363706,668.4814476935168,9.050603373558236,44.01894077339073,0.0
2026-04-11 09:51:19.473000050,6.141507589138919,16951500800.0,63031.64780058098,701.4082913120923,10.6,39.67175797243893,0.0
2026-04-11 09:51:34.473000050,7.755162793569103,16961466368.0,88146.90459124005,702.0248285346662,10.6,39.73604780891692,0.0
2026-04-11 09:51:49.473000050,7.755162793569103,16961466368.0,88146.90459124005,782.9081607569254,10.6,47.660638869094015,0.0
2026-04-11 09:52:04.473000050,7.872676077024889,16992010240.0,88146.90459124005,833.8322055768514,10.6,46.554223058870654,0.0
2026-04-11 09:52:19.473000050,8.033487581878646,17133596672.0,95712.06765211884,878.7344316924724,13.8,52.37091970805575,0.0
2026-04-11 09:52:34.473000050,8.79106882673632,17127104512.0,101996.39605760042,880.3678350234725,13.8,52.02723247879196,0.0
2026-04-11 09:52:49.473000050,8.79106882673632,17127104512.0,101996.39605760042,973.3178372456948,13.8,70.39788296758745,0.0
2026-04-11 09:53:04.473000050,6.949844645516156,17128595456.0,101996.39605760042,1034.6680183575838,13.8,69.76173942927997,0.0
2026-04-11 09:53:19.473000050,9.007564910824971,17260572672.0,88279.42599761761,1072.730204331728,16.98333333333333,163.98472110417407,0.0
2026-04-11 09:53:34.473000050,9.127898019071372,17268551680.0,88279.42599761761,1074.0802010063949,16.98333333333333,163.40557270853185,0.0
2026-04-11 09:53:49.473000050,9.127898019071372,17268551680.0,88279.42599761761,1130.96353322858,16.98333333333333,199.54024068487195,0.0
2026-04-11 09:54:04.473000050,6.8347501140738816,17268588544.0,88279.42599761761,1195.6134310029502,16.98333333333333,195.2698567910124,0.0
2026-04-11 09:54:19.473000050,8.883083374160536,17314062336.0,98696.51231404704,1235.1828489462869,19.933333333333334,197.68514637320388,0.0
2026-04-11 09:54:34.473000050,9.61999404287474,17314369536.0,98696.51231404704,1235.749513391361,19.933333333333334,198.02930312005597,0.0
2026-04-11 09:54:49.473000050,9.61999404287474,17314369536.0,98696.51231404704,1323.9495133913608,19.933333333333334,210.47108015092755,0.0
2026-04-11 09:55:04.473000050,9.465941346115253,17314754560.0,98696.51231404704,1366.1828467246942,19.933333333333334,208.54545072537724,0.0
2026-04-11 09:55:19.473000050,6.865950799170131,17284055040.0,92232.9210008434,1399.1019211518524,21.21666666666667,326.1745783634893,0.0
2026-04-11 09:55:34.473000050,10.084999164076187,17265188864.0,92232.92100084342,1400.4520778149265,21.21666666666667,324.66638483929904,0.0
2026-04-11 09:55:49.473000050,10.084999164076187,17265188864.0,92232.92100084342,1435.2020761483434,21.21666666666667,400.8423821007691,0.0
2026-04-11 09:56:04.473000050,9.808384127522856,17265971200.0,92232.92100084342,1443.5020761483431,21.21666666666667,400.91608247786326,0.0
2026-04-11 09:56:19.473000050,7.945130507285269,17315868672.0,64497.50738336041,1444.750149449565,21.53333333333333,577.784147483545,0.0
2026-04-11 09:56:34.473000050,10.102052476393824,17325838336.0,88872.69569115256,1443.98333166675,21.53333333333333,579.3876437944093,0.0
2026-04-11 09:56:49.473000050,10.102052476393824,17325838336.0,88872.69569115256,1430.2166683334167,21.53333333333333,626.7821488891917,0.0
2026-04-11 09:57:04.473000050,10.056894972993089,17323638784.0,88872.69569115256,1402.1850350284171,21.53333333333333,630.6789148460097,0.0
2026-04-11 09:57:19.473000050,8.95587124648939,17318002688.0,101483.62229053854,1385.486870059001,20.416666666666668,789.1465543656634,0.0
2026-04-11 09:57:34.473000050,10.097876422976457,17313619968.0,101483.62229053854,1385.8035367256678,20.416666666666668,788.8126543328556,0.0
2026-04-11 09:57:49.473000050,10.097876422976457,17313619968.0,101483.62229053854,1384.2868683922509,20.416666666666668,784.7427514820488,0.0
2026-04-11 09:58:04.473000050,10.023485110227975,17314586624.0,101483.62229053854,1409.5961492386396,20.416666666666668,781.9139691752989,0.0
2026-04-11 09:58:19.473000050,5.565991585491615,17336307712.0,,1420.5271625966018,20.366666666666667,581.0229153840659,0.0
2026-04-11 09:58:34.473000050,10.08734857458231,17310060544.0,88890.3730783652,1420.2271625966018,20.366666666666667,580.8404541720988,0.0
2026-04-11 09:58:49.473000050,10.08734857458231,17310060544.0,88890.3730783652,1441.677162596602,20.366666666666667,597.9151261297015,0.0
2026-04-11 09:59:04.473000050,9.894692476325076,17309904896.0,88890.3730783652,1433.970093824909,20.366666666666667,598.9632670148598,0.0
2026-04-11 09:59:19.473000050,8.30628515837605,17323597824.0,71666.55408257166,1435.739135745646,21.2,636.0866451324272,0.0
2026-04-11 09:59:34.473000050,10.09247437254946,17328189440.0,100594.04961760866,1435.7058024123128,21.2,636.1838813576367,0.0
2026-04-11 09:59:49.473000050,10.09420847197138,17328189440.0,100594.04961760866,1427.2058007457294,21.2,592.3083346025285,0.0
2026-04-11 10:00:04.473000050,10.04630750245006,17341046784.0,100594.04961760866,1443.1185553093662,21.2,589.9792287727073,0.0
2026-04-11 10:00:19.473000050,7.648319103695037,17585070080.0,95832.02667616964,1445.5680858570977,21.116666666666667,545.2830481990901,0.0
2026-04-11 10:00:34.473000050,10.4366974640406,17680584704.0,91858.48586726436,1446.30103172272,21.116666666666667,543.767935464722,0.0
2026-04-11 10:00:49.473000050,10.4366974640406,17680584704.0,91858.48586726436,1445.6010350560532,21.116666666666667,562.330825711282,0.0
2026-04-11 10:01:04.473000050,10.359720894742289,17681915904.0,91858.48586726436,1439.1310118905449,21.116666666666667,563.3588600954552,0.0
2026-04-11 10:01:19.473000050,7.534353887489477,17760161792.0,65128.56377595157,1437.374357851026,21.183333333333334,483.0856582219117,0.0
2026-04-11 10:01:34.473000050,10.31470180717192,17776746496.0,89403.97923875431,1436.8751050709384,21.183333333333334,483.2459227039062,0.0
2026-04-11 10:01:49.473000050,10.31470180717192,17776746496.0,89403.97923875431,1437.2584367375218,21.183333333333334,484.5154935727236,0.0
2026-04-11 10:02:04.473000050,10.24383967355909,17776746496.0,89403.97923875431,1439.815168405122,21.183333333333334,484.5585867306131,0.0
2026-04-11 10:02:19.473000050,9.228800906996124,17551745024.0,101515.6897938974,1441.355153555715,21.65,484.7761403992484,0.0
2026-04-11 10:02:34.473000050,10.250835501662896,17562247168.0,101515.6897938974,1440.9881271368467,21.65,485.42109007580746,0.0
2026-04-11 10:02:49.473000050,10.250835501662896,17562247168.0,101515.6897938974,1434.5047938035134,21.65,489.26105217730617,0.0
2026-04-11 10:03:04.473000050,10.065929017775838,17562316800.0,101515.6897938974,1439.0180853014217,21.65,488.8662119252542,0.0
2026-04-11 10:03:19.473000050,7.2172948669062675,17536393216.0,,1434.0491076242336,20.76666666666667,616.3523904156792,0.0
2026-04-11 10:03:34.473000050,10.18237245909924,17575301120.0,88523.71108382425,1435.4491076242334,20.76666666666667,615.7791555527489,0.0
2026-04-11 10:03:49.473000050,10.18237245909924,17575301120.0,88523.71108382425,1439.1824409575668,20.76666666666667,582.7219763382722,0.0
2026-04-11 10:04:04.473000050,9.506484906085785,17579057152.0,88523.71108382424,1418.532440957567,20.76666666666667,585.2861628298959,0.0
2026-04-11 10:04:19.473000050,9.091891993857558,17675108352.0,71698.20897738144,1419.6213587360453,21.35,532.3829956090649,0.0
2026-04-11 10:04:34.473000050,10.203025800879622,17701683200.0,100609.06109061088,1417.8710965313037,21.35,532.8243354726577,0.0
2026-04-11 10:04:49.473000050,10.203025800879622,17701683200.0,100609.06109061088,1406.271096531303,21.35,541.7505882583229,0.0
2026-04-11 10:05:04.473000050,9.819173691355946,17701859328.0,100609.06109061088,1421.637630424618,21.35,539.9412000627808,0.0
2026-04-11 10:05:19.473000050,9.468180877060991,17698025472.0,96030.97066920434,1418.2143942198638,20.416666666666664,453.07950846495976,0.0
2026-04-11 10:05:34.473000050,10.107207166816488,17696378880.0,92194.70906081142,1418.2315853309774,20.416666666666664,453.5401215800508,0.0
2026-04-11 10:05:49.473000050,10.107207166816488,17696378880.0,92194.70906081142,1421.310379371176,20.416666666666664,447.138682343432,0.0
2026-04-11 10:06:04.473000050,9.686227556321215,17674014720.0,92194.70906081142,1416.6106510380466,20.416666666666664,447.8899369000249,0.0
2026-04-11 10:06:19.473000050,9.416153012583097,17547460608.0,88726.48747051062,1420.979195173422,21.5,488.2306523908732,0.0
2026-04-11 10:06:34.473000050,10.291822669678249,17549684736.0,88726.48747051062,1421.8789329337171,21.5,487.2048074397213,0.0
2026-04-11 10:06:49.473000050,10.291822669678249,17549684736.0,88726.48747051065,1434.1325605145996,21.5,484.5934071542576,0.0
2026-04-11 10:07:04.473000050,10.2558807031234,17549684736.0,88726.48747051065,1446.3157549544144,21.5,483.2705431100456,0.0
2026-04-11 10:07:19.473000050,9.837455027718024,17651036160.0,102188.33302337116,1447.5638402641036,20.73333333333333,459.9500537327024,0.0
2026-04-11 10:07:34.473000050,10.224433557279506,17646784512.0,102188.33302337116,1446.4471735974369,20.73333333333333,460.6892764016866,0.0
2026-04-11 10:07:49.473000050,10.224433557279506,17646784512.0,102188.33302337116,1437.307916934262,20.73333333333333,472.0881092003447,0.0
2026-04-11 10:08:04.473000050,10.158541669461764,17647124480.0,102188.33302337116,1424.7765390675638,20.73333333333333,473.50674723252746,0.0
2026-04-11 10:08:19.473000050,6.905893313963053,17724379136.0,,1419.3820949444523,20.14798520147985,522.1986233493185,0.0
2026-04-11 10:08:34.473000050,10.108779558711808,17725931520.0,88276.46976765813,1420.2651438428222,20.14798520147985,522.8642068882283,0.0
2026-04-11 10:08:49.473000050,10.108779558711808,17725931520.0,88276.46976765816,1422.2342983780231,20.14798520147985,557.1561726993307,0.0
2026-04-11 10:09:04.473000050,9.765405013927522,17725931520.0,88276.46976765816,1423.0429345618131,20.14798520147985,557.391766657623,0.0
2026-04-11 10:09:19.473000050,7.540360897163752,17697013760.0,63332.63772212865,1427.0892152453116,21.902190219021904,554.0785616361543,0.0
2026-04-11 10:09:34.473000050,10.03582060008275,17698258944.0,89894.62727806061,1426.9397791340346,21.902190219021904,552.9283910468846,0.0
2026-04-11 10:09:49.473000050,10.03582060008275,17698258944.0,89894.62727806061,1422.3274618632977,21.902190219021904,521.4630620372754,0.0
2026-04-11 10:10:04.473000050,9.991863091348078,17706012672.0,89894.62727806061,1429.5708145387268,21.902190219021904,520.1349327532926,0.0
2026-04-11 10:10:19.473000050,6.674112015221853,17763364864.0,96432.35497325932,1431.7385540019109,21.066666666666663,487.9961650639302,0.0
2026-04-11 10:10:34.473000050,10.321332700585716,17772388352.0,101796.9749673893,1432.2216078814847,21.066666666666663,487.5387598819798,0.0
2026-04-11 10:10:49.473000050,10.32356272758428,17772388352.0,101796.9749673893,1449.7549389924477,21.066666666666663,514.8366947287805,0.0
2026-04-11 10:11:04.473000050,9.63223659764286,17774108672.0,101796.97496738928,1439.8841046777598,21.066666666666663,516.5851371394775,0.0
2026-04-11 10:11:19.473000050,8.693872278956526,17753903104.0,64820.741635840524,1440.4592667113227,20.916666666666664,649.5080549318601,0.0
2026-04-11 10:11:34.473000050,10.35048513269416,17764597760.0,88746.90804468856,1440.1089828318964,20.916666666666664,649.8271205541469,0.0
2026-04-11 10:11:49.473000050,10.3495367226249,17764597760.0,88746.90804468856,1424.375649498563,20.916666666666664,623.1279125212194,0.0
2026-04-11 10:12:04.473000050,9.779336515124744,17765429248.0,88746.90804468856,1432.6759411552025,20.916666666666664,621.9954798144832,0.0
2026-04-11 10:12:19.473000050,9.653346868746825,17843679232.0,99678.51269441003,1422.7034934675687,21.133333333333336,590.2348726297286,0.0
2026-04-11 10:12:34.473000050,9.987647680915336,17840869376.0,99678.51269441003,1422.670515130671,21.133333333333336,590.8556800428827,0.0
2026-04-11 10:12:49.473000050,9.987612570817456,17840869376.0,99678.51269441003,1417.770515130671,21.133333333333336,597.4682409806826,0.0
2026-04-11 10:13:04.473000050,9.861414152317405,17841631232.0,99678.51269441003,1418.4372551342544,21.133333333333336,596.8911129788338,0.0
2026-04-11 10:13:19.473000050,3.767345259192755,17816870912.0,,1425.0144879382556,20.7,522.5112482668223,0.0
2026-04-11 10:13:34.473000050,10.365739148681428,17810972672.0,90989.99351431485,1425.3146351654968,20.7,521.6249883706114,0.0
2026-04-11 10:13:49.473000050,10.309697449519982,17810972672.0,90989.99351431485,1439.8146351654968,20.7,520.8342456520797,0.0
2026-04-11 10:14:04.473000050,9.994965589570226,17812058112.0,90989.99351431485,1436.0407106351872,20.7,522.1108093504124,0.0
2026-04-11 10:14:19.473000050,7.331706321555639,17917104128.0,63419.24120141441,1442.663118596715,22.0,470.9403695517199,0.0
2026-04-11 10:14:34.473000050,10.379044432294345,17920557056.0,88957.95935884757,1441.9295669191313,22.0,471.0878166117187,0.0
2026-04-11 10:14:49.473000050,10.379044432294345,17920557056.0,88957.95935884757,1438.8795646970573,22.0,465.96806225853936,0.0
2026-04-11 10:15:04.473000050,9.393829174659649,17920770048.0,88957.95935884757,1449.3426003892394,22.0,464.883068761216,0.0
2026-04-11 10:15:19.473000050,9.675906883413008,17990467584.0,95953.09251669508,1444.30067492916,21.116666666666667,486.42131138500383,0.0
2026-04-11 10:15:34.473000050,10.123782422966851,17996173312.0,101787.01484640046,1445.184008262493,21.116666666666667,486.7255263184313,0.0
2026-04-11 10:15:49.473000050,10.125063012483972,17996173312.0,101787.01484640046,1451.7173443734655,21.116666666666667,497.7820646056316,0.0
2026-04-11 10:16:04.473000050,9.867143794775236,17996197888.0,101787.01484640046,1438.863294686796,21.116666666666667,498.6706918910511,0.0
2026-04-11 10:16:19.473000050,8.771603839639894,17935523840.0,65506.01508690877,1442.8385573691628,21.75,569.9800064492919,0.0
2026-04-11 10:16:34.473000050,10.20890384791078,17934680064.0,90030.2571287916,1442.621890702496,21.75,569.2456613211754,0.0
2026-04-11 10:16:49.473000050,10.20890384791078,17934680064.0,90030.2571287916,1444.4552251470147,21.75,537.8784791475246,0.0
2026-04-11 10:17:04.473000050,10.126580343121876,17932029952.0,90030.2571287916,1448.5366886670888,21.75,537.2329335008666,0.0
2026-04-11 10:17:19.473000050,7.027302521720756,17780367360.0,98046.40979385417,1435.4185236421165,20.33333333333333,477.4004729846548,0.0
2026-04-11 10:17:34.473000050,10.272106936818073,17708138496.0,98046.40979385417,1434.6683914243013,20.33333333333333,477.6605050682408,0.0
2026-04-11 10:17:49.473000050,10.272104186002622,17708138496.0,98046.40979385417,1409.2455221542025,20.33333333333333,471.61656167509966,0.0
2026-04-11 10:18:04.473000050,10.14514837006249,17708617728.0,98046.40979385417,1400.9180503074492,20.33333333333333,473.264721348669,0.0
2026-04-11 10:18:19.473000050,4.100939408851186,17750900736.0,,1415.6333508884209,21.416666666666664,438.89827556292687,0.0
2026-04-11 10:18:34.473000050,10.064959509906796,17755230208.0,92136.45020293472,1416.416963111125,21.416666666666664,438.9645756848257,0.0
2026-04-11 10:18:49.473000050,10.064959509906796,17755230208.0,92136.45020293472,1454.545396177272,21.416666666666664,419.9024409609848,0.0
2026-04-11 10:19:04.473000050,9.940063385762585,17754853376.0,92136.45020293472,1459.3169700667686,21.416666666666664,418.1637333247159,0.0
2026-04-11 10:19:19.473000050,8.294720161730222,17725526016.0,63717.93690834336,1457.081229486842,21.083333333333336,452.4514666289565,0.0
2026-04-11 10:19:34.473000050,9.959345364636874,17726386176.0,89151.32370637785,1457.1307894917304,21.083333333333336,452.84047226441817,0.0
2026-04-11 10:19:49.473000050,9.959345364636876,17726386176.0,89151.32370637787,1441.808557362266,21.083333333333336,487.6204970905292,0.0
2026-04-11 10:20:04.473000050,9.769381909596502,17726603264.0,89151.32370637787,1462.491974815767,21.083333333333336,485.8202238371897,0.0
2026-04-11 10:20:19.473000050,9.35179687378042,17575985152.0,96124.8072647352,1464.0272261726889,21.53333333333333,489.1836990066965,0.0
2026-04-11 10:20:34.473000050,9.905243225842124,17545183232.0,101901.26937154427,1464.2778211729674,21.53333333333333,488.37135690675416,0.0
2026-04-11 10:20:49.473000050,9.905243225842124,17545183232.0,101901.26937154427,1468.9278189508932,21.53333333333333,456.9837127144495,0.0
2026-04-11 10:21:04.473000050,9.675932497067754,17546366976.0,101901.26937154427,1458.2525673836217,21.53333333333333,457.665659290858,0.0
2026-04-11 10:21:19.473000050,6.539222985392171,17504182272.0,,1454.5261408632089,21.13227671949736,462.3241542774779,0.0
2026-04-11 10:21:34.473000050,9.917979220917667,17462251520.0,89272.23429026865,1453.9254167076103,21.13227671949736,463.6080359064455,0.0
2026-04-11 10:21:49.473000050,9.917979220917667,17462251520.0,89272.23429026865,1450.7920878187213,21.13227671949736,480.7544362097685,0.0
2026-04-11 10:22:04.473000050,9.75790748672695,17462251520.0,89272.23429026865,1451.3253339944315,21.13227671949736,480.7113034835892,0.0
2026-04-11 10:22:19.473000050,8.043162136611317,17380876288.0,67448.59238880572,1453.8077158126089,20.701035051752587,460.8848208310805,0.0
2026-04-11 10:22:34.473000050,9.908820034688333,17364447232.0,95769.68279217742,1454.4252583141529,20.701035051752587,459.88905588297246,0.0
2026-04-11 10:22:49.473000050,9.908820034688333,17364447232.0,95769.6827921774,1446.4252560917826,20.701035051752587,462.73870106499584,0.0
2026-04-11 10:23:04.473000050,9.776376341609804,17365229568.0,95769.6827921774,1434.7576753626563,20.701035051752587,463.6597983856317,0.0
2026-04-11 10:23:19.473000050,4.481677520249009,17408782336.0,96411.12936310016,1436.490352439739,21.383333333333333,471.05805555201465,0.0
2026-04-11 10:23:34.473000050,10.106492730285256,17428340736.0,96946.21893343324,1435.6230299271954,21.383333333333333,471.1776873220342,0.0
2026-04-11 10:23:49.473000050,10.106492730285256,17428340736.0,96946.21893343324,1454.639696593862,21.383333333333333,464.9682058095025,0.0
2026-04-11 10:24:04.473000050,9.943531585093927,17428340736.0,96946.21893343324,1466.9644734975898,21.383333333333333,464.1739312739819,0.0
2026-04-11 10:24:19.473000050,6.484832986717213,17668845568.0,65071.4432883617,1469.489113401538,21.65,429.887441786704,0.0
2026-04-11 10:24:34.473000050,10.023426791009106,17756622848.0,90072.5925645204,1470.3228767361222,21.65,429.2794090357586,0.0
2026-04-11 10:24:49.473000050,10.023426791009108,17756622848.0,90072.5925645204,1474.689543402789,21.65,414.2017487988403,0.0
2026-04-03 06:41:34.203000069,3.495429075769104,17187090432.0,111649.43032427695,161.932581408967,2.6332455584813834,21.56150456820713,0.0
2026-04-03 06:41:49.203000069,2.7066661060777446,17098903552.0,119014.13299357898,169.5501525201532,2.316743891463049,20.85492669342997,0.0
2026-04-03 06:42:04.203000069,3.5595096380671207,17035358208.0,125100.5393743258,167.85044723746347,2.316743891463049,21.203504233732303,0.0
2026-04-03 06:42:19.203000069,3.5595096380671207,17035358208.0,125100.5393743258,168.15045418179216,2.316743891463049,21.093886879618477,0.0
2026-04-03 06:42:34.203000069,3.541763753380432,17035358208.0,125100.5393743258,167.20097781379775,2.316743891463049,21.25327991417256,0.0
2026-04-03 06:42:49.203000069,1.4497980651564852,16974270464.0,,161.78385779868617,2.0666666666666664,22.27251038558978,0.0
2026-04-03 06:43:04.203000069,3.523870561093558,16963469312.0,115105.83805893836,161.38385779868614,2.0666666666666664,22.318387584135998,0.0
2026-04-03 06:43:19.203000069,3.523870561093558,16963469312.0,115105.83805893836,161.3171894653528,2.0666666666666664,22.577200315610984,0.0
2026-04-03 06:43:34.203000069,3.3978274563111515,16963469312.0,115105.83805893836,161.81637722704622,2.0666666666666664,22.497057249742333,0.0
2026-04-03 06:43:49.203000069,2.4909901086381883,16974450688.0,76973.09888073565,159.29971056037957,2.5666666666666664,22.354807279894796,0.0
2026-04-03 06:44:04.203000069,3.511793157157583,17035767808.0,111389.7454950771,159.0162722305461,2.5666666666666664,22.42074470484087,0.0
2026-04-03 06:44:19.203000069,3.511793157157583,17035767808.0,111389.7454950771,158.5995952864581,2.5666666666666664,21.72628400342652,0.0
2026-04-03 06:44:34.203000069,3.50363026174623,17035767808.0,111389.7454950771,158.0829611235181,2.5666666666666664,21.86443789915106,0.0
2026-04-03 06:44:49.203000069,1.9843335532322728,17063419904.0,78656.94053346958,160.31387842627467,2.4,21.687021447944083,0.0
2026-04-03 06:45:04.203000069,3.551690594951031,17202331648.0,127837.7841127976,159.080780649349,2.4,21.64300639618145,0.0
2026-04-03 06:45:19.203000069,3.551690594951031,17202331648.0,127837.7841127976,159.33080676058978,2.4,21.727354928300045,0.0
2026-04-03 06:45:34.203000069,3.545114021835483,17202331648.0,127837.7841127976,160.01431343814554,2.4,21.58081813311927,0.0
2026-04-03 06:45:49.203000069,2.8111336522042736,17288810496.0,77917.9261120355,162.802572330151,2.25,21.995943609134088,0.0
2026-04-03 06:46:04.203000069,3.706600565360141,17347551232.0,110878.3693843594,163.48532456303926,2.25,22.28361713543756,0.0
2026-04-03 06:46:19.203000069,3.706600565360141,17347551232.0,110878.3693843594,163.71864122926146,2.25,23.85637818884449,0.0
2026-04-03 06:46:34.203000069,3.583401355795256,17347551232.0,110878.3693843594,163.85205732094673,2.25,23.958532376371643,0.0
2026-04-03 06:46:49.203000069,2.8176264197381697,17343475712.0,77478.1085801442,161.94954779285138,2.3666666666666667,24.376657832069167,0.0
2026-04-03 06:47:04.203000069,3.5958623170012105,17349013504.0,128689.10835999444,164.73333166672222,2.3666666666666667,24.06901558879825,0.0
2026-04-03 06:47:19.203000069,3.5958623170012105,17349013504.0,128689.10835999444,164.69998416740276,2.3666666666666667,22.497501717294355,0.0
2026-04-03 06:47:34.203000069,3.552266787907876,17349025792.0,128689.10835999444,165.05061975035775,2.3666666666666667,22.3440764312823,0.0
2026-04-03 06:47:49.203000069,2.1775482656362315,17147367424.0,79834.36356692691,167.50061975035777,2.6,21.777265159172902,0.0
2026-04-03 06:48:04.203000069,3.5419503705950905,17058439168.0,112615.25726648484,165.75108365471013,2.6,21.78359895532632,0.0
2026-04-03 06:48:19.203000069,3.5419503705950905,17058439168.0,112615.2572664848,165.56777976555276,2.6,22.590385799974293,0.0
2026-04-03 06:48:34.203000069,3.5406280585805607,17058439168.0,112615.2572664848,165.28351613195414,2.6,22.584225601647887,0.0
2026-04-03 06:48:49.203000069,2.614624622572719,16984694784.0,119958.80343913544,165.5168494652875,2.5666666666666664,21.987501465327554,0.0
2026-04-03 06:49:04.203000069,3.5893547393302887,16976293888.0,126006.08839796124,166.8826116867309,2.5666666666666664,21.931013002437183,0.0
2026-04-03 06:49:19.203000069,3.5893547393302887,16976293888.0,126006.08839796124,166.86591585343922,2.5666666666666664,21.618680012213886,0.0
2026-04-03 06:49:34.203000069,3.4604329373102884,16976166912.0,126006.08839796124,166.08262780128624,2.5666666666666664,21.76754371250815,0.0
2026-04-03 06:49:49.203000069,1.54209955587292,16861990912.0,,162.69929446795294,2.55,22.288886034249245,0.0
2026-04-03 06:50:04.203000069,3.5055220863035896,16827461632.0,114494.83336436418,161.90015446725016,2.55,22.2206969887216,0.0
2026-04-03 06:50:19.203000069,3.5055220863035896,16827461632.0,114494.83336436418,162.00016780118537,2.55,21.21510218952735,0.0
2026-04-03 06:50:34.203000069,3.4580865158652374,16827461632.0,114494.83336436418,162.00067613483407,2.55,21.20138336136987,0.0
2026-04-03 06:50:49.203000069,2.198295578726005,16819138560.0,77339.7331788542,157.51734280150075,2.1,20.75980986092899,0.0
2026-04-03 06:51:04.203000069,3.354306189089316,16822718464.0,111583.23241732652,153.81552616742465,2.1,21.009108645007743,0.0
2026-04-03 06:51:19.203000069,3.354796259333963,16822718464.0,111583.23241732652,153.7488772779432,2.1,20.36408523489183,0.0
2026-04-03 06:51:34.203000069,3.3114597924261107,16822718464.0,111583.23241732652,152.99832616794257,2.1,20.505379657272574,0.0
2026-04-03 06:51:49.203000069,1.861511178864809,16790458368.0,78272.38302980903,152.28122951560877,2.1499283357221426,20.928503642292338,0.0
2026-04-03 06:52:04.203000069,3.4415949659052525,16762097664.0,128597.52983238146,153.46552670570242,2.149928335722142,20.982571374155985,0.0
2026-04-03 06:52:19.203000069,3.4415949659052525,16762097664.0,128597.52983238146,153.3654972612024,2.149928335722142,21.46058102102425,0.0
2026-04-03 06:52:34.203000069,3.4149337017826773,16762097664.0,128597.52983238146,154.3988700376654,2.149928335722142,21.330149329271844,0.0
2026-04-03 06:52:49.203000069,2.639369141400032,16773308416.0,78850.0967532769,160.04973948242565,2.500083336111204,21.125315378991992,0.0
2026-04-03 06:53:04.203000069,3.3802656910107785,16768933888.0,111342.67201366456,159.01865841750222,2.500083336111204,21.12803928015831,0.0
2026-04-03 06:53:19.203000069,3.3805818860260604,16768933888.0,111342.67201366456,159.15200675040035,2.500083336111204,21.074384605954915,0.0
2026-04-03 06:53:34.203000069,3.3781186316618625,16768933888.0,111342.67201366456,158.90310622875464,2.500083336111204,21.07877821835374,0.0
2026-04-03 06:53:49.203000069,2.774406833027377,16868786176.0,76773.55592022206,156.31933343632824,2.3833333333333333,22.545014541417423,0.0
2026-04-03 06:54:04.203000069,3.732587710785212,17038344192.0,128262.50943309053,158.88416393182618,2.3833333333333333,22.425587650392742,0.0
2026-04-03 06:54:19.203000069,3.7325288386376663,17038344192.0,128262.50943309053,158.93414559902985,2.3833333333333333,24.42320068723306,0.0
2026-04-03 06:54:34.203000069,3.7065773597917606,17038344192.0,128262.50943309053,159.34909810006724,2.3833333333333333,24.530969524650654,0.0
2026-04-03 06:54:49.203000069,2.919273442174938,17168977920.0,80152.45508271262,161.44909810006726,2.4,22.301672282703997,0.0
2026-04-03 06:55:04.203000069,3.478647111762481,17205665792.0,111701.65735567972,163.7989869926597,2.4,21.92614679651963,0.0
2026-04-03 06:55:19.203000069,3.478590034028758,17205665792.0,111701.6573556797,163.89902199268752,2.4,20.03375158580177,0.0
2026-04-03 06:55:34.203000069,3.4637398708699227,17205665792.0,111701.6573556797,163.4335261260928,2.4,20.01270467771252,0.0
2026-04-03 06:55:49.203000069,2.5388078523915256,17244864512.0,119190.95265413556,159.68309614042568,2.216592780240658,19.790669674908266,0.0
2026-04-03 06:56:04.203000069,3.327294784994002,17270759424.0,125394.2960266535,154.18294615364772,2.216592780240658,20.4561982371787,0.0
2026-04-03 06:56:19.203000069,3.3272947849940024,17270759424.0,125394.29602665352,153.69959504194398,2.216592780240658,20.17342195787876,0.0
2026-04-03 06:56:34.203000069,3.3140961721974915,17270759424.0,125394.29602665352,154.2995528183143,2.216592780240658,20.075611695575923,0.0
2026-04-03 06:56:49.203000069,1.2031959912676355,17168084992.0,,158.4670983745005,2.266742224740825,19.53058477290383,0.0
2026-04-03 06:57:04.203000069,3.395984726488204,17096835072.0,114870.1933555438,162.2511894831865,2.266742224740825,19.086631512824265,0.0
2026-04-03 06:57:19.203000069,3.395984726488204,17096835072.0,114870.1933555438,162.25119892794572,2.266742224740825,19.395111302036,0.0
2026-04-03 06:57:34.203000069,3.3614061609781807,17096835072.0,114870.1933555438,161.71703949363,2.266742224740825,19.419132894967817,0.0
2026-04-03 06:57:49.203000069,2.7542948449001186,17082544128.0,78249.9872457004,159.38325725644432,2.35,19.430970382799217,0.0
2026-04-03 06:58:04.203000069,3.3844006639169217,17085198336.0,112796.16168033934,156.31594197204987,2.35,19.498436397354567,0.0
2026-04-03 06:58:19.203000069,3.3844006639169217,17085198336.0,112796.16168033934,156.34925474992022,2.35,19.346136293081425,0.0
2026-04-03 06:58:34.203000069,3.3595473510215084,17085198336.0,112796.16168033934,155.95012863027304,2.35,19.40519860065709,0.0
2026-04-03 06:58:49.203000069,1.7522600231976362,17104580608.0,78749.11026113592,159.55012863027306,2.0666666666666664,19.581442148255835,0.0
2026-04-03 06:59:04.203000069,3.4538095052102964,17125957632.0,129189.8038119204,161.5337616817227,2.0666666666666664,19.662970133906995,0.0
2026-04-03 06:59:19.203000069,3.4538095052102964,17125957632.0,129189.8038119204,161.8837983492876,2.0666666666666664,20.13668891064641,0.0
2026-04-03 06:59:34.203000069,3.4328753392725035,17125957632.0,129189.8038119204,162.34983334974984,2.0666666666666664,20.08543050039059,0.0
2026-04-03 06:59:49.203000069,2.7150626289376225,17062776832.0,79459.4182050061,159.89983334974983,2.5166666666666666,20.37214644444136,0.0
2026-04-03 07:00:04.203000069,3.424167509054678,17041825792.0,111685.27302607003,161.4497027898423,2.5166666666666666,20.157255543620067,0.0
2026-04-03 07:00:19.203000069,3.424167509054678,17041825792.0,111685.27302607003,161.23300501087928,2.5166666666666666,20.790260009311083,0.0
2026-04-03 07:00:34.203000069,3.401284754807099,17041825792.0,111685.27302607003,162.51700001141705,2.5166666666666666,20.666294287769063,0.0
2026-04-03 07:00:49.203000069,3.0532704143651195,17070239744.0,119496.55154883752,172.91429510158068,2.6666666666666665,20.35469808460948,0.0
2026-04-03 07:01:04.203000069,3.555083766788425,17062027264.0,125983.90098641356,175.06429510158068,2.6666666666666665,20.278405559034965,0.0
2026-04-03 07:01:19.203000069,3.555083766788425,17062027264.0,125983.90098641356,175.43094843542326,2.6666666666666665,19.537661455302704,0.0
2026-04-03 07:01:34.203000069,3.554187532357142,17062027264.0,125983.90098641356,174.7636117684966,2.6666666666666665,19.602069250082984,0.0
2026-04-03 07:01:49.203000069,1.5288890227616636,17035956224.0,,165.88298334499962,2.2666666666666666,19.8277889283235,0.0
2026-04-03 07:02:04.203000069,3.3974323944605462,16999399424.0,114742.69715352311,162.78284279412907,2.2666666666666666,19.958450706554785,0.0
2026-04-03 07:02:19.203000069,3.397432394460546,16999399424.0,114742.69715352308,162.4995294611291,2.2666666666666666,20.065662645931063,0.0
2026-04-03 07:02:34.203000069,3.3899096921071004,16999190528.0,114742.69715352308,161.98319389453687,2.2666666666666666,20.06345844452227,0.0
2026-04-03 07:02:49.203000069,2.6719643291141746,17011351552.0,77847.47696058091,158.61887841735432,2.033333333333333,19.693253640103197,0.0
2026-04-03 07:03:04.203000069,3.355442852895268,17011167232.0,112826.51829498302,158.9022867470952,2.033333333333333,19.83799437808585,0.0
2026-04-03 07:03:19.203000069,3.356354373982488,17011167232.0,112826.51829498302,158.80229841322483,2.033333333333333,19.70515579477172,0.0
2026-04-03 07:03:34.203000069,3.2960934471241825,17011167232.0,112826.51829498302,157.7361667643921,2.033333333333333,19.93176909986446,0.0
2026-04-03 07:03:49.203000069,2.712044266753256,17028501504.0,78266.81552024394,155.56714890824134,2.2666666666666666,21.695249472040317,0.0
2026-04-03 07:04:04.203000069,3.515493920944624,17081700352.0,128957.55549363796,155.95062168638952,2.2666666666666666,21.79639643558248,0.0
2026-04-03 07:04:19.203000069,3.515493920944624,17081700352.0,128957.55549363796,156.21727501931545,2.2666666666666666,21.06553509090629,0.0
2026-04-03 07:04:34.203000069,3.494658457112491,17081700352.0,128957.55549363796,156.99981723224047,2.2666666666666666,20.95522561032436,0.0
2026-04-03 07:04:49.203000069,2.689649262979168,17101139968.0,79538.47468802385,158.9998172322405,2.1666666666666665,19.53397936965279,0.0
2026-04-03 07:05:04.203000069,3.4240513316618943,17113182208.0,111619.89197243431,153.98317445703685,2.1666666666666665,19.501545491888457,0.0
2026-04-03 07:05:19.203000069,3.425398991633304,17113182208.0,111619.89197243431,153.53317556814798,2.1666666666666665,19.845081519007216,0.0
2026-04-03 07:05:34.203000069,3.4146997438793325,17113182208.0,111619.89197243431,153.86702056813002,2.1666666666666665,19.827440075117966,0.0
2026-04-03 07:05:49.203000069,2.7354267368828284,17406296064.0,119765.23981608724,156.3979234269236,2.2333333333333334,19.91234766852046,0.0
2026-04-03 07:06:04.203000069,3.344741249427672,17571143680.0,126577.98479561316,159.42918213385835,2.2333333333333334,20.004786118714875,0.0
2026-04-03 07:06:19.203000069,3.345196030159804,17571143680.0,126577.98479561316,159.77918157828427,2.2333333333333334,19.292596990282,0.0
2026-04-03 07:06:34.203000069,3.33605715002189,17571143680.0,126577.9847956132,158.9455926808766,2.2333333333333334,19.32492881195307,0.0
2026-04-03 07:06:49.203000069,1.1339120161348857,17673576448.0,,157.1670432338634,2.4166666666666665,19.6208774117848,0.0
2026-04-03 07:07:04.203000069,3.4866800984079447,17772470272.0,114626.75004666788,159.27101101132703,2.4166666666666665,19.35913495186333,0.0
2026-04-03 07:07:19.203000069,3.4866800984079447,17772470272.0,114626.75004666788,159.50434378912334,2.4166666666666665,19.55145484814387,0.0
2026-04-03 07:07:34.203000069,3.448133464507935,17772470272.0,114626.75004666788,159.9371182521968,2.4166666666666665,19.56212485529252,0.0
2026-04-03 07:07:49.203000069,2.511589700831349,17647484928.0,77602.159251933,158.6347648404164,2.1166666666666667,19.360473826259696,0.0
2026-04-03 07:08:04.203000069,3.3368720114387496,17636278272.0,111801.892249986,153.2000616956662,2.1166666666666667,19.73866882769997,0.0
2026-04-03 07:08:19.203000069,3.3368720114387496,17636278272.0,111801.892249986,152.76673002900878,2.1166666666666667,20.407804779997207,0.0
2026-04-03 07:08:34.203000069,3.3254064512056907,17636278272.0,111801.892249986,152.81797670633478,2.1166666666666667,20.429802238301797,0.0
2026-04-03 07:08:49.203000069,2.7085299042437527,17671151616.0,78150.92020639333,155.78464337300147,2.466666666666667,21.438033532101965,0.0
2026-04-03 07:09:04.203000069,3.592917398722936,17759383552.0,127765.4364579815,164.83330143021868,2.466666666666667,20.7495461256682,0.0
2026-04-03 07:09:19.203000069,3.592917398722936,17759383552.0,127765.4364579815,165.36663254132978,2.466666666666667,21.31893238975696,0.0
2026-04-03 07:09:34.203000069,3.5725410855093944,17759571968.0,127765.4364579815,166.1488939201377,2.466666666666667,21.180679786718123,0.0
2026-04-03 07:09:49.203000069,2.670770484155114,17902084096.0,78974.17891363654,167.0155605868044,2.4166666666666665,20.087187040436834,0.0
2026-04-03 07:10:04.203000069,3.465414054649464,17958248448.0,112108.8979408797,165.14914864588278,2.4166666666666665,20.10267493645436,0.0
2026-04-03 07:10:19.203000069,3.465414054649464,17958248448.0,112108.8979408797,164.94913253535498,2.4166666666666665,20.14020556438241,0.0
2026-04-03 07:10:34.203000069,3.4155551102597057,17958248448.0,112108.8979408797,164.9164500250368,2.4166666666666665,20.173686637101653,0.0
2026-04-03 07:10:49.203000069,2.2474523329545963,17879388160.0,77077.67005680333,165.83311669170348,2.55,22.402152380858137,0.0
2026-04-03 07:11:04.203000069,3.656813541978397,17578401792.0,125120.3117314314,162.50055947246358,2.55,22.86412935685052,0.0
2026-04-03 07:11:19.203000069,3.662982142016871,17578401792.0,125120.3117314314,162.38391002740804,2.55,23.557073632787212,0.0
2026-04-03 07:11:34.203000069,3.6267627428235376,17578401792.0,125120.3117314314,160.41674447070378,2.55,23.87876890203224,0.0
2026-04-03 07:11:49.203000069,2.127781115860914,17107652608.0,81845.1163479982,149.58341113737046,2.216666666666667,23.511758468461043,0.0
2026-04-03 07:12:04.203000069,3.5020279082030377,17026289664.0,113678.3777324288,148.1332133448147,2.216666666666667,23.5294946849886,0.0
2026-04-03 07:12:19.203000069,3.5034985418337525,17026289664.0,113678.3777324288,147.94988001148135,2.216666666666667,22.67400635655981,0.0
2026-04-03 07:12:34.203000069,3.476369415714623,17026289664.0,113678.3777324288,149.31677889262974,2.216666666666667,22.477393990056143,0.0
2026-04-03 07:12:49.203000069,3.018998852910603,17112555520.0,120966.10940712527,157.63344555929643,2.216666666666667,20.99646985005134,0.0
2026-04-03 07:13:04.203000069,3.390277058579451,17122525184.0,127132.61671048331,156.91666666666666,2.216666666666667,21.07948490230908,0.0
2026-04-03 07:13:19.203000069,3.390277058579451,17122525184.0,127132.61671048331,156.96668666766672,2.216666666666667,21.04388144939161,0.0
2026-04-03 07:13:34.203000069,3.352873319067193,17122525184.0,127132.61671048331,157.00027723179664,2.216666666666667,21.02750899124512,0.0
2026-04-03 07:13:49.203000069,1.560108845571218,17132318720.0,,155.5479384208681,2.4166666666666665,21.836171289299795,0.0
2026-04-03 07:14:04.203000069,3.595594027060998,17154588672.0,114292.61275753262,154.51460508753476,2.4166666666666665,21.874689558800437,0.0
2026-04-03 07:14:19.203000069,3.596015715768321,17154588672.0,114292.61275753262,154.21458119771063,2.4166666666666665,22.78229471527094,0.0
2026-04-03 07:14:34.203000069,3.5503260262078893,17154588672.0,114292.61275753262,154.54740453089525,2.4166666666666665,22.670276015149845,0.0
2026-04-03 07:14:49.203000069,2.480089272023523,17342263296.0,76944.74996046805,160.78263002337886,2.449918336055465,22.749539094973198,0.0
2026-04-03 07:15:04.203000069,3.651851688043234,17441275904.0,111582.85895003164,167.5824772506935,2.4499183360554646,22.185140048340728,0.0
2026-04-03 07:15:19.203000069,3.651851688043234,17441275904.0,111582.85895003164,168.2491266957768,2.4499183360554646,22.395540970467025,0.0
2026-04-03 07:15:34.203000069,3.6394320992868714,17441275904.0,111582.85895003164,167.64937946512893,2.4499183360554646,22.59569842569556,0.0
2026-04-03 07:15:49.203000069,2.0759091014437074,17533042688.0,78813.76284788111,161.200660616985,1.9834655643709584,22.01209211283436,0.0
2026-04-03 07:16:04.203000069,3.449734552797929,17659543552.0,128342.35681084672,154.43612124946148,1.9834655643709584,22.695355973322226,0.0
2026-04-03 07:16:19.203000069,3.449734552797929,17659543552.0,128342.35681084672,154.20284902825787,1.9834655643709584,20.2694741129533,0.0
2026-04-03 07:16:34.203000069,3.4339447135909507,17659543552.0,128342.3568108467,154.0197601475174,1.9834655643709584,20.176048614759207,0.0
2026-04-03 07:16:49.203000069,2.388706086414452,17620291584.0,78762.24229559307,156.50420185371956,2.6665777807406417,18.37395521363564,0.0
2026-04-03 07:17:04.203000069,3.2455641335388905,17613381632.0,112486.01969057664,164.5501226784212,2.6665777807406417,17.6891340966549,0.0
2026-04-03 07:17:19.203000069,3.2459089242092563,17613381632.0,112486.01969057664,164.58337629011078,2.6665777807406417,17.649360140682624,0.0
2026-04-03 07:17:34.203000069,3.231682697834234,17613328384.0,112486.01969057664,165.68273852385028,2.6665777807406417,17.603435029314348,0.0
2026-04-03 07:17:49.203000069,2.452053864072569,17452040192.0,120450.5007457916,171.8969823335698,2.766574447518416,17.73041155311544,0.0
2026-04-03 07:18:04.203000069,3.4564967470267405,17374429184.0,127086.53125,173.9984797804282,2.7665744475184155,17.668831615269283,0.0
2026-04-03 07:18:19.203000069,3.4564967470267405,17374429184.0,127086.53125,174.11518616823852,2.7665744475184155,17.718065415315323,0.0
2026-04-03 07:18:34.203000069,3.417504187866524,17384972288.0,127086.53125,173.9826253341988,2.7665744475184155,17.694490319595193,0.0
2026-04-03 07:18:49.203000069,1.6398994722394282,17367711744.0,,169.01689144440357,2.600086669555652,17.559826370794358,0.0
2026-04-03 07:19:04.203000069,3.31629756416795,17396764672.0,114866.2596941477,165.3680519994604,2.600086669555652,17.7550673270498,0.0
2026-04-03 07:19:19.203000069,3.31629756416795,17396764672.0,114866.2596941477,165.55140699896043,2.600086669555652,17.7408431426121,0.0
2026-04-03 07:19:34.203000069,3.312013476535782,17396764672.0,114866.2596941477,165.18404282394522,2.600086669555652,17.769393368277477,0.0
2026-04-03 07:19:49.203000069,2.428736460387459,17461776384.0,77238.81918301266,165.1669233644077,2.15,17.91879276997915,0.0
2026-04-03 07:20:04.203000069,3.2148812396581627,17484238848.0,112402.55279211636,160.3158050301657,2.15,18.28081294126389,0.0
2026-04-03 07:20:19.203000069,3.215234461148421,17484238848.0,112402.55279211636,159.94910169661011,2.15,18.1447573559499,0.0
2026-04-03 07:20:34.203000069,3.2113834558325944,17484238848.0,112402.55279211636,160.232753352666,2.15,18.146936660572443,0.0
2026-04-03 07:20:49.203000069,1.635059809386539,17417965568.0,78766.55721304551,159.37988567047765,2.116596113462885,18.130505081590023,0.0
2026-04-03 07:21:04.203000069,3.2180975021599085,17328177152.0,129778.18193171706,159.81435567070113,2.1165961134628843,18.07893589557937,0.0
2026-04-03 07:21:19.203000069,3.2185275530228195,17328177152.0,129778.18193171706,159.91435400409,2.1165961134628843,18.01800025583752,0.0
2026-04-03 07:21:34.203000069,3.1981682183000246,17328177152.0,129778.18193171706,160.14776513483085,2.1165961134628843,17.988052411156286,0.0
2026-04-03 07:21:49.203000069,2.466745957376383,17190653952.0,79608.29556818891,163.95362736128183,2.4334144471482384,18.01825197324108,0.0
2026-04-03 07:22:04.203000069,3.231122443699105,17195462656.0,112117.78027325471,165.68593124637326,2.4334144471482384,17.84912908809948,0.0
2026-04-03 07:22:19.203000069,3.231122443699105,17195462656.0,112117.78027325471,165.93598902500295,2.4334144471482384,17.908906453882974,0.0
2026-04-03 07:22:34.203000069,3.191955700759204,17195462656.0,112117.78027325471,165.65257789426212,2.4334144471482384,17.92157224971638,0.0
2026-04-03 07:22:49.203000069,2.6493038134319216,17229471744.0,112268.83717759734,163.68291668333288,2.783333333333333,17.846449573577345,0.0
2026-04-03 07:23:04.203000069,3.340741622791948,17229127680.0,112395.0821979947,164.89990167257398,2.783333333333333,17.779468970310223,0.0
2026-04-03 07:23:19.203000069,3.340741622791948,17229127680.0,112395.0821979947,164.29985056038873,2.783333333333333,17.142200213370035,0.0
2026-04-03 07:23:34.203000069,3.3377794856695733,17229127680.0,112395.0821979947,163.1498083562035,2.783333333333333,17.275618239731855,0.0
2026-04-03 07:23:49.203000069,1.4520333277658306,17240461312.0,,152.58314168953683,2.05,17.2263073579006,0.0
2026-04-03 07:24:04.203000069,3.1602446161779483,17346338816.0,129785.9117100517,148.15047475842184,2.05,17.588669731353335,0.0
2026-04-03 07:24:19.203000069,3.1713017591466084,17346338816.0,129785.9117100517,148.20049753629223,2.05,18.46396928365082,0.0
2026-04-03 07:24:34.203000069,3.152423428064248,17346338816.0,129785.9117100517,148.6505980923479,2.05,18.526122704432844,0.0
2026-04-03 07:24:49.203000069,2.254992973136288,17334325248.0,78487.71478333238,156.29776652006697,2.3499216692776908,20.184581516465148,0.0
2026-04-03 07:25:04.203000069,3.463137235741858,17355374592.0,112360.05909966522,156.9468262382372,2.3499216692776903,20.14796580998205,0.0
2026-04-03 07:25:19.203000069,3.4631372357418586,17355374592.0,112360.05909966525,156.99678790532974,2.3499216692776903,21.30737554453768,0.0
2026-04-03 07:25:34.203000069,3.448076548935289,17355374592.0,112360.05909966525,157.3467295534593,2.3499216692776903,21.24642977222058,0.0
2026-04-03 07:25:49.203000069,2.169179649263119,17363038208.0,77821.98143316689,158.5357656658916,2.300076669222308,21.550860027194027,0.0
2026-04-03 07:26:04.203000069,3.4718456963729287,17394913280.0,124460.85052296288,160.18603232366968,2.300076669222308,21.33439873820924,0.0
2026-04-03 07:26:19.203000069,3.4718456963729287,17394913280.0,124460.85052296288,160.40274065668825,2.300076669222308,20.6585451506888,0.0
2026-04-03 07:26:34.203000069,3.4703343698555136,17394913280.0,124460.85052296288,160.46909677815086,2.300076669222308,20.597612007987102,0.0
2026-04-03 07:26:49.203000069,2.255027251245205,16948793344.0,81684.16264745958,159.2491161416472,2.233258891370288,19.293410047942366,0.0
2026-04-03 07:27:04.203000069,3.325882503357544,16907108352.0,115173.8343226192,160.56649671122202,2.233258891370287,19.112157464030744,0.0
2026-04-03 07:27:19.203000069,3.326847571543863,16907108352.0,115173.8343226192,160.64981337737015,2.233258891370287,19.748516163527405,0.0
2026-04-03 07:27:34.203000069,3.316233973758887,16907108352.0,115173.8343226192,160.75043504405605,2.233258891370287,19.70758128713526,0.0
2026-04-03 07:27:49.203000069,3.0793075818943376,16936005632.0,113752.21494280185,161.13465448852,2.400080002666756,20.57483443508129,0.0
2026-04-03 07:28:04.203000069,3.4199593419210177,16934682624.0,112567.03806292986,163.96742058072306,2.400080002666756,20.54789732741925,0.0
2026-04-03 07:28:19.203000069,3.420254289271956,16934682624.0,112567.03806292987,163.93410502572308,2.400080002666756,19.991696185271103,0.0
2026-04-03 07:28:34.203000069,3.273711407285034,16934682624.0,112567.03806292987,163.20046057090792,2.400080002666756,20.091385078670395,0.0
2026-04-03 07:28:49.203000069,1.7890611365025368,16929734656.0,,162.53097230207143,2.433333333333333,20.704708478414467,0.0
2026-04-03 07:29:04.203000069,3.484213317579981,16940167168.0,128472.73232307645,158.86437341431218,2.433333333333333,20.816963394285374,0.0
2026-04-03 07:29:19.203000069,3.484213317579981,16940167168.0,128472.73232307645,158.6976895248492,2.433333333333333,21.129643414458,0.0
2026-04-03 07:29:34.203000069,3.442653781573435,16940167168.0,128472.73232307645,158.54739175699703,2.433333333333333,21.176169610245584,0.0
2026-04-03 07:29:49.203000069,2.376114885738944,17115598848.0,76557.09300925325,152.38310334438856,2.3,20.753740084720658,0.0
2026-04-03 07:30:04.203000069,3.4454460802831006,17162817536.0,111196.0536818072,154.48296528887465,2.3,20.89809786537733,0.0
2026-04-03 07:30:19.203000069,3.4454460802831006,17162817536.0,111196.0536818072,154.6162994555552,2.3,21.17619451922792,0.0
2026-04-03 07:30:34.203000069,3.4414602782969026,17162817536.0,111196.0536818072,155.38383335350062,2.3,21.062753813063576,0.0
2026-04-03 07:30:49.203000069,2.292019205694115,17116741632.0,78882.0171649837,162.9362551008922,2.433333333333333,20.527509641771022,0.0
2026-04-03 07:31:04.203000069,3.4391306523821594,17023995904.0,128389.92537313432,162.4863253774987,2.433333333333333,20.280540721732503,0.0
2026-04-03 07:31:19.203000069,3.4391306523821594,17023995904.0,128389.92537313432,162.3529770446098,2.433333333333333,19.43632573679583,0.0
2026-04-03 07:31:34.203000069,3.4124576603947494,17023995904.0,128389.92537313432,161.78549092284962,2.433333333333333,19.51662002051718,0.0
2026-04-03 07:31:49.203000069,2.1638659924112376,16996466688.0,78578.8722911682,156.64973584212473,2.433333333333333,19.647030673830407,0.0
2026-04-03 07:32:04.203000069,3.2595870357827725,17004371968.0,112936.51212298185,156.63265363375388,2.433333333333333,19.734222299463337,0.0
2026-04-03 07:32:19.203000069,3.2595870357827725,17004371968.0,112936.51212298185,156.6660161338326,2.433333333333333,19.721565860710683,0.0
2026-04-03 07:32:34.203000069,3.213859450480936,17004371968.0,112936.51212298185,157.21626612549954,2.433333333333333,19.60241003864423,0.0
2026-04-03 07:32:49.203000069,2.2876728879682005,17022361600.0,77802.4337703227,164.96626612549957,2.2666666666666666,18.838304376766743,0.0
2026-04-03 07:33:04.203000069,3.2878102006551124,17059434496.0,126082.6611963262,162.41665916832866,2.2666666666666666,19.069841586469927,0.0
2026-04-03 07:33:19.203000069,3.2878102006551124,17059434496.0,126082.6611963262,162.4166302794027,2.2666666666666666,19.382015699963898,0.0
2026-04-03 07:33:34.203000069,3.1502357830086605,17059434496.0,126082.6611963262,162.46631862312458,2.2666666666666666,19.394382553577653,0.0
2026-04-03 07:33:49.203000069,2.567513162818384,16995090432.0,82380.19207582291,157.69965195645793,2.3833333333333333,19.787715935807064,0.0
2026-04-03 07:34:04.203000069,3.3629409949855336,16990572544.0,114081.55479376312,157.90011252583813,2.3833333333333333,19.552824045369142,0.0
2026-04-03 07:34:19.203000069,3.363095923225089,16990572544.0,114081.55479376312,157.95014141472703,2.3833333333333333,19.094605512143595,0.0
2026-04-03 07:34:34.203000069,3.219320637566682,16990572544.0,114081.55479376312,157.68434808972802,2.3833333333333333,19.09280911600669,0.0
2026-04-03 07:34:49.203000069,3.0641063343726547,17066668032.0,112893.5487683398,157.06533427907723,2.1333333333333333,18.82559497072843,0.0
2026-04-03 07:35:04.203000069,3.27497874442831,17068539904.0,111889.51713395638,157.7148962085721,2.1333333333333333,19.008650920770403,0.0
2026-04-03 07:35:19.203000069,3.275272078084892,17068539904.0,111889.51713395638,157.61488065253505,2.1333333333333333,18.499114462726844,0.0
2026-04-03 07:35:34.203000069,3.252332382890158,17068593152.0,111889.51713395638,157.59709120807082,2.1333333333333333,18.56276101630973,0.0
2026-04-03 07:35:49.203000069,1.1149164898811794,17043230720.0,,163.83277168538825,2.6333333333333333,18.201293348966583,0.0
2026-04-03 07:36:04.203000069,3.3364828852779715,17072222208.0,128911.29144878736,162.98277168538826,2.6333333333333333,18.067688789687807,0.0
2026-04-03 07:36:19.203000069,3.3364828852779715,17072222208.0,128911.29144878736,163.28277224092528,2.6333333333333333,19.03514529336875,0.0
2026-04-03 07:36:34.203000069,3.329563293203572,17072226304.0,128911.29144878736,163.61698278831517,2.6333333333333333,18.959339562042445,0.0
2026-04-03 07:36:49.203000069,2.2921968595160207,17105047552.0,77444.41517010856,157.35265119948443,2.3666666666666667,20.469406128388613,0.0
2026-04-03 07:37:04.203000069,3.3862163994515613,17113350144.0,111336.69764063985,160.06959814860025,2.3666666666666667,20.647963183080837,0.0
2026-04-03 07:37:19.203000069,3.3862163994515613,17113350144.0,111336.69764063985,160.00293203750766,2.3666666666666667,20.762320344852085,0.0
2026-04-03 07:37:34.203000069,3.3624005519206333,17115308032.0,111336.69764063985,160.1695353687298,2.3666666666666667,20.77815051999299,0.0
2026-04-03 07:37:49.203000069,2.7772944975653084,17162219520.0,77872.13365021136,162.50053362422722,2.5,20.10528761484441,0.0
2026-04-03 07:38:04.203000069,3.352150921330475,17223561216.0,125935.1565400322,158.56665112403724,2.5,20.0623081066895,0.0
2026-04-03 07:38:19.203000069,3.455049614226199,17223561216.0,125935.1565400322,158.41665001292614,2.5,19.687015687280685,0.0
2026-04-03 07:38:34.203000069,3.290831344538636,17223561216.0,125935.1565400322,158.18249391238817,2.5,19.703640214022386,0.0
2026-04-03 07:38:49.203000069,2.489075881662436,17183453184.0,82142.43718206222,158.24916057905486,2.1,19.073829762925172,0.0
2026-04-03 07:39:04.203000069,3.306449326010862,17207742464.0,116092.12922118146,159.94942946346234,2.1,19.060746883690875,0.0
2026-04-03 07:39:19.203000069,3.306449326010862,17207742464.0,116092.12922118146,159.71609668566603,2.1,19.14518345330967,0.0
2026-04-03 07:39:34.203000069,2.867471555347334,17207742464.0,116092.12922118146,160.11699112192628,2.1,19.06905006942285,0.0
2026-04-03 07:39:49.203000069,3.077370042991497,17207861248.0,113809.71708147204,161.20032445525965,2.3166666666666664,19.197560916822944,0.0
2026-04-03 07:40:04.203000069,3.425882479734251,17183264768.0,111917.30996700493,161.36457484642548,2.3166666666666664,19.183740197784783,0.0
2026-04-03 07:40:19.203000069,3.425882479734251,17183264768.0,111917.30996700493,161.79788984703657,2.3166666666666664,18.834510535984435,0.0
2026-04-03 07:40:34.203000069,3.4151055276307507,17183715328.0,111917.30996700493,161.59756539177695,2.3166666666666664,18.93747275324701,0.0
2026-04-03 07:40:49.203000069,1.3809131727720645,17108348928.0,,161.1808987251103,2.4,19.318897264973103,0.0
2026-04-03 07:41:04.203000069,3.396935679016596,16922435584.0,128665.87838882192,162.05242956032032,2.4,19.187869143117144,0.0
2026-04-03 07:41:19.203000069,3.396935679016596,16922435584.0,128665.87838882192,161.81912900463516,2.4,19.69791140007741,0.0
2026-04-03 07:41:34.203000069,3.3895412790799417,16922435584.0,128665.87838882192,161.66881123744963,2.4,19.617208128680797,0.0
2026-04-03 07:41:49.203000069,2.368550671920671,16807120896.0,77040.40422105369,163.3325463351686,2.483250558314723,20.101307427650354,0.0
2026-04-03 07:42:04.203000069,3.495251928661699,16794546176.0,111569.21757290968,163.72832127914256,2.4832505583147224,20.593425477188045,0.0
2026-04-03 07:42:19.203000069,3.4961987477389704,16794546176.0,111569.21757290968,163.7782926680638,2.4832505583147224,21.11667419520097,0.0
2026-04-03 07:42:34.203000069,3.435491126341045,16795303936.0,111569.21757290968,163.8458510099352,2.4832505583147224,21.114387243425227,0.0
2026-04-03 07:42:49.203000069,2.6534352606092773,16808570880.0,78464.77123206783,163.1179159944412,2.333333333333334,20.70735151105726,0.0
2026-04-03 07:43:04.203000069,3.4750223564248177,16900509696.0,126476.6375377001,161.42090542809268,2.333333333333333,20.367877250085023,0.0
2026-04-03 07:43:19.203000069,3.4758571057567864,16900509696.0,126476.6375377001,161.2209323724492,2.333333333333333,19.793116869175076,0.0
2026-04-03 07:43:34.203000069,3.4465052729957075,16900509696.0,126476.6375377001,160.52050568910602,2.333333333333333,19.977051717453747,0.0
2026-04-03 07:43:49.203000069,2.4836888187920345,17109336064.0,81172.05299482797,155.48514895499267,2.416747224907497,20.133602442015555,0.0
2026-04-03 07:44:04.203000069,3.504671304498775,17162211328.0,115039.0783238874,158.7845011475845,2.416747224907497,19.911210379951456,0.0
2026-04-03 07:44:19.203000069,3.504671304498775,17162211328.0,115039.0783238874,159.11782086939468,2.416747224907497,20.219157566853248,0.0
2026-04-03 07:44:34.203000069,3.488790444509992,17162211328.0,115039.0783238874,160.1339256001582,2.416747224907497,20.05026280735944,0.0
2026-04-03 07:44:49.203000069,2.632428153358234,17159376896.0,79527.9528337824,169.2834822520466,2.3666666666666667,19.7038652149033,0.0
2026-04-03 07:45:04.203000069,3.5102974207151894,17263673344.0,125834.9165517348,168.89956445612003,2.3666666666666667,19.707519999409985,0.0
2026-04-03 07:45:19.203000069,3.5102974207151894,17263673344.0,125834.9165517348,168.78289806723578,2.3666666666666667,19.155796788617927,0.0
2026-04-03 07:45:34.203000069,3.506386030585987,17263673344.0,125834.9165517348,167.84966834438853,2.3666666666666667,19.180729236787293,0.0
2026-04-03 07:45:49.203000069,2.6098448645519605,17303101440.0,82894.36285142154,161.4163350110552,2.2,18.85487774568948,0.0
2026-04-03 07:46:04.203000069,3.303571067173053,17303584768.0,115330.6188621583,157.71624557040695,2.2,19.11839123166185,0.0
2026-04-03 07:46:19.203000069,3.303571067173053,17303584768.0,115330.6188621583,157.5495800148514,2.2,18.94782312824593,0.0
2026-04-03 07:46:34.203000069,3.2904238592740875,17303584768.0,115330.6188621583,157.98379224563016,2.2,18.9664948425516,0.0
2026-04-03 07:46:49.203000069,2.5803494641416247,17321906176.0,113411.40470754007,159.43379224563014,2.35,18.928468944990847,0.0
2026-04-03 07:47:04.203000069,3.309245761905031,17307656192.0,111805.8863877284,163.25026948224104,2.35,18.778989041476844,0.0
2026-04-03 07:47:19.203000069,3.309579154953213,17307656192.0,111805.8863877284,163.31693559333362,2.35,19.021356984753627,0.0
2026-04-03 07:47:34.203000069,3.291861606544624,17307656192.0,111805.8863877284,163.63277058320307,2.35,19.001882698560813,0.0
2026-04-03 07:47:49.203000069,1.570772328917802,17259679744.0,,164.39698844260775,2.45,19.59922061901889,0.0
2026-04-03 07:48:04.203000069,3.52204095302977,17227264000.0,129479.51852197445,163.4643928828308,2.45,19.42523980785172,0.0
2026-04-03 07:48:19.203000069,3.522744808855257,17227264000.0,129479.51852197442,163.86437205020576,2.45,19.522463772643626,0.0
2026-04-03 07:48:34.203000069,3.500729233159233,17227264000.0,129479.51852197442,163.73155482759523,2.45,19.502903898554138,0.0
2026-04-03 07:48:49.203000069,2.693271823758823,17175793664.0,78544.42075995513,162.13760131474123,2.466666666666667,18.724732573437517,0.0
2026-04-03 07:49:04.203000069,3.3530294979156774,17179983872.0,112138.23144512992,162.47070713696763,2.466666666666667,18.86470223592497,0.0
2026-04-03 07:49:19.203000069,3.3561535505875457,17179983872.0,112138.23144512992,162.08740824783806,2.466666666666667,18.75573275021697,0.0
2026-04-03 07:49:34.203000069,3.3234883991155946,17179983872.0,112138.23144512992,162.2365771476149,2.466666666666667,18.79151854008282,0.0
2026-04-03 07:49:49.203000069,2.211829748537728,17141641216.0,77495.92829594317,163.03176226579538,2.283333333333333,19.940115066726072,0.0
2026-04-03 07:50:04.203000069,3.494237082576279,16969478144.0,125414.5062537592,162.68074313364073,2.283333333333333,19.934875248821957,0.0
2026-04-03 07:50:19.203000069,3.494237082576279,16969478144.0,125414.50625375922,162.780729522062,2.283333333333333,20.06621482855565,0.0
2026-04-03 07:50:34.203000069,3.494110551435301,16969519104.0,125414.50625375922,162.46496006893338,2.283333333333333,20.071999502964083,0.0
2026-04-03 07:50:49.203000069,2.520884310022089,16893186048.0,82246.04281054843,158.9661772708689,2.4166666666666665,19.582362338167265,0.0
2026-04-03 07:51:04.203000069,3.304303621881676,16880455680.0,114855.40716008164,157.03418613953798,2.4166666666666665,19.66291985797475,0.0
2026-04-03 07:51:19.203000069,3.3043009797326115,16880455680.0,114855.40716008164,157.05083669563055,2.4166666666666665,20.170129919491725,0.0
2026-04-03 07:51:34.203000069,3.294212936886868,16880844800.0,114855.40716008164,156.61718501835242,2.4166666666666665,20.16133453136717,0.0
2026-04-03 07:51:49.203000069,3.3413932990523594,17009102848.0,113181.51750972762,157.80051835168578,2.1666666666666665,21.85179365744898,0.0
2026-04-03 07:52:04.203000069,3.587205066439726,17033826304.0,111778.32374436324,158.6833355567037,2.1666666666666665,22.04727723157974,0.0
2026-04-03 07:52:19.203000069,3.5872125263154397,17033826304.0,111778.32374436324,158.9333733346667,2.1666666666666665,21.5696945475554,0.0
2026-04-03 07:52:34.203000069,3.5582571207504943,17033826304.0,111778.32374436324,159.35004000133338,2.1666666666666665,21.58588158821022,0.0
2026-04-03 07:52:49.203000069,1.656815615034211,17029410816.0,,158.06670666800005,2.2,20.71963469518049,0.0
2026-04-03 07:53:04.203000069,3.361532555667433,17063837696.0,128985.69278276929,152.74952668388838,2.2,20.81810494919968,0.0
2026-04-03 07:53:19.203000069,3.3615325556674334,17063837696.0,128985.69278276929,152.0661627945735,2.2,20.55612699866521,0.0
2026-04-03 07:53:34.203000069,3.352580374250252,17063837696.0,128985.69278276929,151.28282946124017,2.2,20.66699656388259,0.0
2026-04-03 07:53:49.203000069,2.665367905163658,17039486976.0,77384.32728119701,149.16390898081175,2.466666666666667,20.47830510460647,0.0
2026-04-03 07:54:04.203000069,3.376207404150609,17041379328.0,111685.16965733132,155.831598981924,2.466666666666667,20.36634145940972,0.0
2026-04-03 07:54:19.203000069,3.376207404150609,17041379328.0,111685.16965733132,156.31495731553514,2.466666666666667,20.509553373941444,0.0
2026-04-03 07:54:34.203000069,3.3653412551898247,17041383424.0,111685.16965733132,157.2316239822018,2.466666666666667,20.40607515019864,0.0
2026-04-03 07:54:49.203000069,2.256401066919195,17010667520.0,78355.05754746865,161.4028967632625,2.833333333333333,20.13180928364513,0.0
2026-04-03 07:55:04.203000069,3.3823953697830755,17009610752.0,126315.96440275208,163.36889563918766,2.833333333333333,19.740258031699646,0.0
2026-04-03 07:55:19.203000069,3.3823953697830755,17009610752.0,126315.96440275208,163.36888008307653,2.833333333333333,19.215037305252743,0.0
2026-04-03 07:55:34.203000069,3.3670755261011496,17009610752.0,126315.96440275208,163.23550010200242,2.833333333333333,19.22954113879224,0.0
2026-04-03 07:55:49.203000069,2.131292113016822,16907235328.0,81515.30013406764,161.31414954575644,2.2666666666666666,18.77092931498432,0.0
2026-04-03 07:56:04.203000069,3.341234887177904,16881262592.0,114994.51605081047,156.69720344395984,2.2666666666666666,18.957984888816707,0.0
2026-04-03 07:56:19.203000069,3.346501065703455,16881262592.0,114994.51605081047,156.53053455510798,2.2666666666666666,18.804456923452182,0.0
2026-04-03 07:56:34.203000069,3.33794708772264,16881262592.0,114994.51605081047,156.514226213238,2.2666666666666666,18.763416494355813,0.0
2026-04-03 07:56:49.203000069,2.651681946034343,16904298496.0,113452.56831436064,156.40221454629875,2.3,18.55232628567675,0.0
2026-04-03 07:57:04.203000069,3.201244358732808,16915812352.0,112164.74528742796,157.28609675889197,2.3,18.72073985781328,0.0
2026-04-03 07:57:19.203000069,3.203496750465844,16915812352.0,112164.74528742796,157.50273009341043,2.3,18.38636216399821,0.0
2026-04-03 07:57:34.203000069,3.177349121874104,16915812352.0,112164.74528742796,157.6351801020761,2.3,18.372437976278256,0.0
2026-04-03 07:57:49.203000069,1.8921235833163037,17051230208.0,,160.763768994219,2.35,17.78567261850032,0.0
2026-04-03 07:58:04.203000069,3.314742705457697,17076375552.0,130035.17135359244,160.07944238147712,2.35,17.6580284830015,0.0
2026-04-03 07:58:19.203000069,3.314742705457697,17076375552.0,130035.17135359244,159.89615904740313,2.35,17.674189820309067,0.0
2026-04-03 07:58:34.203000069,3.3087511513646186,17076375552.0,130035.17135359244,158.8636923715152,2.35,17.814314857705924,0.0
2026-04-03 07:58:49.203000069,2.798561083328908,17274019840.0,78732.39555681945,154.73508181198343,2.1333333333333333,19.48552533781007,0.0
2026-04-03 07:59:04.203000069,3.4925381924497247,17282502656.0,113705.3046276773,154.33709402383752,2.1333333333333333,19.650342526039477,0.0
2026-04-03 07:59:19.203000069,3.4925381924497247,17282502656.0,113705.3046276773,154.38709569055973,2.1333333333333333,20.46347777027018,0.0
2026-04-03 07:59:34.203000069,3.4820005436990025,17282506752.0,113705.30462767728,155.58680068072607,2.1333333333333333,20.31049122917292,0.0
2026-04-03 07:59:49.203000069,2.527524176063056,17265168384.0,80580.10675701918,161.6511656040013,2.45,18.811432473025526,0.0
2026-04-03 08:00:04.203000069,3.3530596706596776,17280561152.0,111751.70306629878,164.26683111659275,2.45,18.62010238554251,0.0
2026-04-03 08:00:19.203000069,3.3530311219641806,17280561152.0,111751.70306629878,164.3334880606807,2.45,18.19521180815162,0.0
2026-04-03 08:00:34.203000069,3.338360497036468,17280561152.0,111751.70306629878,164.03348806068072,2.45,18.21219427384687,0.0
2026-04-03 08:00:49.203000069,2.0646801322752206,17038237696.0,93885.46872855128,160.7501547273474,2.1666666666666665,18.353037404195145,0.0
2026-04-03 08:01:04.203000069,3.3363546375494835,17008390144.0,133243.32671932914,157.73334027797685,2.1666666666666665,18.53854269800713,0.0
2026-04-03 08:01:19.203000069,3.3363546375494835,17008390144.0,133243.32671932914,157.73332694468982,2.1666666666666665,19.831100642113835,0.0
2026-04-03 08:01:34.203000069,3.3324273369504347,17008390144.0,133243.32671932914,157.88386918875565,2.1666666666666665,19.782740841749924,0.0
2026-04-03 08:01:49.203000069,2.062972139081956,16953331712.0,91371.61129777992,159.25053585542233,2.35,21.87725655499982,0.0
2026-04-03 08:02:04.203000069,3.533599654573474,16957132800.0,111089.8239747341,158.41708308162586,2.35,22.03169761814864,0.0
2026-04-03 08:02:19.203000069,3.533599654573474,16957132800.0,111089.8239747341,158.033744470649,2.35,22.245359621801278,0.0
2026-04-03 08:02:34.203000069,3.5128452432569657,16957132800.0,111089.8239747341,157.8329194535183,2.35,22.3141738520902,0.0
2026-04-03 08:02:49.203000069,2.334545204147653,16901566464.0,92663.9310737058,158.0329194535183,2.55,21.067381282104662,0.0
2026-04-03 08:03:04.203000069,3.4174120422706964,16894578688.0,127948.35576727784,162.8664994537778,2.55,20.66797814792246,0.0
2026-04-03 08:03:19.203000069,3.4174120422706964,16894578688.0,127948.35576727784,163.14985945389822,2.55,20.43414440180134,0.0
2026-04-03 08:03:34.203000069,3.393945990541993,16894578688.0,127948.35576727784,163.24988445777765,2.55,20.39359028615433,0.0
2026-04-03 08:03:49.203000069,3.0961144962130365,17072693248.0,120706.44012890384,163.44988445777764,2.466666666666667,20.229517130169445,0.0
2026-04-03 08:04:04.203000069,3.467142549537475,17096953856.0,114614.15989686076,161.74963945746256,2.466666666666667,20.50617450722132,0.0
2026-04-03 08:04:19.203000069,3.467142549537475,17096953856.0,114614.15989686076,161.61627834627734,2.466666666666667,19.71477952940178,0.0
2026-04-03 08:04:34.203000069,3.322599842983181,17096953856.0,114614.15989686076,161.51648613431462,2.466666666666667,19.87489955677257,0.0
2026-04-03 08:04:49.203000069,0.8964566381295314,17131577344.0,,160.1331528009813,2.4,20.17775686321986,0.0
2026-04-03 08:05:04.203000069,3.487078368236765,17284161536.0,111786.86589419404,159.1000522453334,2.4,19.901610218969857,0.0
2026-04-03 08:05:19.203000069,3.487078368236765,17284161536.0,111786.86589419404,159.2667478010001,2.4,19.75382231337082,0.0
2026-04-03 08:05:34.203000069,3.4382405452539797,17284161536.0,111786.86589419404,159.2498827904258,2.4,19.608094103874336,0.0
2026-04-03 08:05:49.203000069,2.5367701278521237,17347153920.0,92106.58496973276,159.94988279042582,2.25,18.925809073444583,0.0
2026-04-03 08:06:04.203000069,3.4294793579042846,17345474560.0,131580.8356710468,162.94975167601822,2.25,19.27212775400496,0.0
2026-04-03 08:06:19.203000069,3.432338031767725,17345474560.0,131580.8356710468,162.8330688977034,2.25,20.099134765835547,0.0
2026-04-03 08:06:34.203000069,3.4206598861670945,17345474560.0,131580.8356710468,163.35030834468552,2.25,20.140951032150728,0.0
2026-04-03 08:06:49.203000069,2.766552018610607,17361305600.0,92510.09953245732,168.86697501135222,2.8666666666666667,20.832421175704383,0.0
2026-04-03 08:07:04.203000069,3.540139475681554,17425436672.0,111455.99466037504,170.60018612653724,2.8666666666666667,20.292258335513186,0.0
2026-04-03 08:07:19.203000069,3.540518324283094,17425436672.0,111455.994660375,170.85018557100022,2.8666666666666667,20.616483386189078,0.0
2026-04-03 08:07:34.203000069,3.5024581923023,17426132992.0,111455.994660375,170.4498611157406,2.8666666666666667,20.65522080784613,0.0
2026-04-03 08:07:49.203000069,2.6038319947505704,17437544448.0,91628.8317234654,162.2475156383676,2.25,21.486281123962485,0.0
2026-04-03 08:08:04.203000069,3.4154574015878905,17447628800.0,129220.768556018,156.3310973040901,2.25,22.300710099852417,0.0
2026-04-03 08:08:19.203000069,3.418685275831988,17447628800.0,129220.768556018,156.1810984152012,2.25,22.82444534609453,0.0
2026-04-03 08:08:34.203000069,3.3907995700322844,17447628800.0,129220.768556018,156.06468842375705,2.25,22.8496713692536,0.0
2026-04-03 08:08:49.203000069,2.675336931646124,17394012160.0,121383.47822399388,158.65036723446337,2.333333333333333,22.395800594146728,0.0
2026-04-03 08:09:04.203000069,3.541189439751542,17366122496.0,114855.12405944902,160.85026834227807,2.333333333333333,21.952640658451504,0.0
2026-04-03 08:09:19.203000069,3.541189439751542,17366122496.0,114855.12405944902,160.7336005645003,2.333333333333333,21.0909189147084,0.0
2026-04-03 08:09:34.203000069,3.510278885237699,17366122496.0,114855.12405944902,161.3166772226111,2.333333333333333,20.98205655023895,0.0
2026-04-03 08:09:49.203000069,1.4377348287331138,17381912576.0,,167.96928453174365,2.4166666666666665,21.045254927010767,0.0
2026-04-03 08:10:04.203000069,3.630266658281621,17394610176.0,125849.00690980077,170.18594008692884,2.4166666666666665,21.192702033878813,0.0
2026-04-03 08:10:19.203000069,3.63132815565134,17394610176.0,125849.00690980077,170.6692739757992,2.4166666666666665,22.048475231523422,0.0
2026-04-03 08:10:34.203000069,3.4965484042806545,17394647040.0,125849.00690980077,170.75236065068782,2.4166666666666665,22.008597277221327,0.0
2026-04-03 08:10:49.203000069,2.743255608880041,17296318464.0,79225.07694310823,165.03065786695998,2.433333333333333,21.171044322022524,0.0
2026-04-03 08:11:04.203000069,3.382748517112158,17286049792.0,115005.07140992652,163.88065786695998,2.433333333333333,21.01385091959101,0.0
2026-04-03 08:11:19.203000069,3.3887248284028115,17286049792.0,115005.07140992652,163.6639912002933,2.433333333333333,19.52819261491568,0.0
2026-04-03 08:11:34.203000069,3.3606016081874803,17286049792.0,115005.07140992652,163.24757119207138,2.433333333333333,19.56176752272481,0.0
2026-04-03 08:11:49.203000069,1.8587486106320168,17291046912.0,81080.49209518837,165.9691817505028,2.5,20.26024294322476,0.0
2026-04-03 08:12:04.203000069,3.4817818255264137,17294360576.0,111806.86701962004,164.00192871489563,2.5,22.62046546424223,0.0
2026-04-03 08:12:19.203000069,3.4817818255264137,17294360576.0,111806.86701962004,163.9019292704697,2.5,24.359663237996763,0.0
2026-04-03 08:12:34.203000069,3.4783464329884,17294356480.0,111806.86701962004,163.7516226140249,2.5,24.786087552710303,0.0
2026-04-03 08:12:49.203000069,2.593943427604729,17232707584.0,91830.4409254923,155.61577419685543,2.3833333333333333,32.014201636002305,0.0
2026-04-03 08:13:04.203000069,3.534878766633112,17232797696.0,129794.91182100314,155.95022058325023,2.3833333333333333,31.2268973501307,0.0
2026-04-03 08:13:19.203000069,3.534878766633112,17232797696.0,129794.91182100314,155.7168861388058,2.3833333333333333,32.15738108172524,0.0
2026-04-03 08:13:34.203000069,3.518795122950808,17232797696.0,129794.91182100314,155.5171927952506,2.3833333333333333,31.76310582642124,0.0
2026-04-03 08:13:49.203000069,2.2185746929260017,17360031744.0,89473.58165167594,163.13385946191727,2.6166666666666667,30.71112817492104,0.0
2026-04-03 08:14:04.203000069,3.700357098222245,17621098496.0,114802.14044952544,167.30001444496298,2.6166666666666667,30.24409372393167,0.0
2026-04-03 08:14:19.203000069,3.700357098222245,17621098496.0,114802.14044952544,167.48335666730557,2.6166666666666667,27.40971815124545,0.0
2026-04-03 08:14:34.203000069,3.672919596606425,17621098496.0,114802.14044952544,167.50058557493583,2.6166666666666667,27.3696963028482,0.0
2026-04-03 08:14:49.203000069,2.590931945845035,17621483520.0,80960.4846547853,163.5977612246364,2.266591113629546,26.081952826249463,0.0
2026-04-03 08:15:04.203000069,3.439738477281994,17631956992.0,112279.42744877913,156.9476140063214,2.2665911136295454,28.16513721499422,0.0
2026-04-03 08:15:19.203000069,3.439738477281994,17631956992.0,112279.42744877913,156.91423484114077,2.2665911136295454,29.453494059142816,0.0
2026-04-03 08:15:34.203000069,3.434952037354896,17631956992.0,112279.42744877913,153.28033926684384,2.2665911136295454,30.44771568588658,0.0
2026-04-03 08:15:49.203000069,2.975114911578732,17720168448.0,129224.6276703282,130.90535894032075,2.8368780348233837,93.75532791646717,0.0
2026-04-03 08:16:04.203000069,3.465366582197354,17733320704.0,143100.4948902202,120.07017442535572,2.9847996322099632,608.7760489062023,1.250010416753473
2026-04-03 08:16:19.203000069,3.4667470603119708,17733320704.0,143100.4948902202,119.85148518839516,3.1327212295965428,534.8726480077036,1.250010416753473
2026-04-03 08:16:34.203000069,3.451351625284468,17733320704.0,143100.4948902202,123.2855361845395,3.1667722257408584,529.4162952149138,1.250010416753473
2026-04-03 08:16:49.203000069,1.4757530161990495,17722204160.0,,148.60011333711125,2.583333333333333,42.68441836463346,1.250010416753473
2026-04-03 08:17:04.203000069,3.685507908331541,17691291648.0,110979.01687000356,164.5333516672778,2.583333333333333,26.472737754822298,1.25
2026-04-03 08:17:19.203000069,3.685677846740072,17691291648.0,110979.01687000356,165.016665833375,2.583333333333333,25.773952170654944,1.25
2026-04-03 08:17:34.203000069,3.644153065227013,17691291648.0,110979.01687000356,165.7499991667083,2.583333333333333,25.51047911676266,1.25
2026-04-03 08:17:49.203000069,2.5562607463346327,17448378368.0,91386.86191494644,164.9975336933352,2.2666666666666666,23.94571981767143,1.25
2026-04-03 08:18:04.203000069,3.529714703517688,17412947968.0,131178.88287890496,165.2475336933352,2.2666666666666666,23.533021687546128,1.25
2026-04-03 08:18:19.203000069,3.5473292871598843,17412947968.0,131178.88287890496,165.31420202666854,2.2666666666666666,22.67478146837905,1.25
2026-04-03 08:18:34.203000069,3.5134806125556124,17412947968.0,131178.88287890496,165.0302992678716,2.2666666666666666,22.726180632014653,1.25
2026-04-03 08:18:49.203000069,2.296903514208683,17349427200.0,93037.52952450604,160.53508926317326,2.216666666666667,22.89642596204028,1.25
2026-04-03 08:19:04.203000069,3.4966155204002307,17327120384.0,111720.49583177804,158.30117983793187,2.216666666666667,22.71543905603296,1.25
2026-04-03 08:19:19.203000069,3.499040580079915,17327120384.0,111720.495831778,158.21782844957536,2.216666666666667,22.26758086786213,1.25
2026-04-03 08:19:34.203000069,3.4881498136227056,17327120384.0,111720.495831778,157.6522817822803,2.216666666666667,22.372891611483546,1.25
2026-04-03 08:19:49.203000069,2.5132527474750272,16963092480.0,92734.9286354395,156.76430900418256,2.05,22.4562365290524,1.25
2026-04-03 08:20:04.203000069,3.4916262191680825,16934174720.0,131064.06972673164,150.99875066938748,2.05,23.376890679811304,0.0
2026-04-03 08:20:19.203000069,3.4916262191680825,16934174720.0,131064.06972673164,150.84878122481345,2.05,23.034648214419164,0.0
2026-04-03 08:20:34.203000069,3.474728309352724,16934174720.0,131064.06972673164,151.33099733646037,2.05,22.9286349877801,0.0
2026-04-03 08:20:49.203000069,2.340569826421209,16931639296.0,91342.372894593,153.2856651155026,2.4166666666666665,22.144120586311253,0.0
2026-04-03 08:21:04.203000069,3.464710395965685,16959344640.0,111773.98422060038,159.5185306543909,2.4166666666666665,21.329279508306165,0.0
2026-04-03 08:21:19.203000069,3.464710395965685,16959344640.0,111773.98422060038,159.65185009840943,2.4166666666666665,22.321489623035056,0.0
2026-04-03 08:21:34.203000069,3.438109204106824,16959344640.0,111773.98422060038,159.4863112093366,2.4166666666666665,22.37431359543156,0.0
2026-04-03 08:21:49.203000069,2.924422291632976,16908464128.0,80260.60952662087,163.21483010184974,2.55,22.45920834199695,0.0
2026-04-03 08:22:04.203000069,3.5883984872374515,16918233088.0,111958.35122370116,164.94801843545156,2.55,22.145017722886145,0.0
2026-04-03 08:22:19.203000069,3.594762981296621,16918233088.0,111958.35122370116,165.03135287988675,2.55,21.30943686203137,0.0
2026-04-03 08:22:34.203000069,3.5708475084316,16918446080.0,111958.35122370116,165.98079175007132,2.55,21.16865319880379,0.0
2026-04-03 08:22:49.203000069,3.2949225657515444,17160052736.0,120939.68694005882,166.919067306262,2.65,20.79486824505235,0.0
2026-04-03 08:23:04.203000069,3.6234723829648834,17263140864.0,128369.96710373908,166.519147860475,2.65,20.857257086744788,0.0
2026-04-03 08:23:19.203000069,3.6234723829648834,17263140864.0,128369.96710373908,166.8524800826972,2.65,22.561659888773733,0.0
2026-04-03 08:23:34.203000069,3.609043206175863,17263140864.0,128369.96710373908,166.5354867602524,2.65,22.630785336335745,0.0
2026-04-03 08:23:49.203000069,1.1600049161133774,17172770816.0,,164.3830061220089,2.3833333333333333,23.503730435613917,0.0
2026-04-03 08:24:04.203000069,3.611992941268036,17152614400.0,112138.48264679284,162.69967278867557,2.3833333333333333,23.74255627070673,0.0
2026-04-03 08:24:19.203000069,3.612350724979439,17152614400.0,112138.48264679284,162.23300667755518,2.3833333333333333,22.734129436242576,0.0
2026-04-03 08:24:34.203000069,3.5537218600908886,17152614400.0,112138.48264679284,161.88339279679636,2.3833333333333333,22.783205626891714,0.0
2026-04-03 08:24:49.203000069,2.26524301346042,17119895552.0,92056.80925377528,159.43339279679637,2.65,23.647392431174048,0.0
2026-04-03 08:25:04.203000069,3.599137249690717,17136013312.0,131554.36202107897,162.51694196706032,2.65,23.54673760650951,0.0
2026-04-03 08:25:19.203000069,3.607130173418309,17136013312.0,131554.36202107897,162.7669425226344,2.65,23.674308189349283,0.0
2026-04-03 08:25:34.203000069,3.4662888510523424,17136672768.0,131554.36202107897,162.7338008453198,2.65,23.659151780104505,0.0
2026-04-03 08:25:49.203000069,2.574281554815929,17147650048.0,92923.97175676422,167.3313125949281,2.55,22.69169929556486,0.0
2026-04-03 08:26:04.203000069,3.5757810666034757,17192108032.0,111004.46449260812,163.76421259495578,2.55,22.705918695670555,0.0
2026-04-03 08:26:19.203000069,3.5757810666034757,17192108032.0,111004.46449260812,163.7808781505113,2.55,22.337915658116977,0.0
2026-04-03 08:26:34.203000069,3.5667536602544843,17192120320.0,111004.46449260812,164.04696648638105,2.55,22.36753924713907,0.0
2026-04-03 08:26:49.203000069,2.566926987159051,17088954368.0,90638.47838761933,161.29945473677273,2.25,22.25581982770781,0.0
2026-04-03 08:27:04.203000069,3.447008677582109,17069289472.0,128498.38625908887,158.5496722331478,2.25,22.68120734434138,0.0
2026-04-03 08:27:19.203000069,3.447008677582109,17069289472.0,128498.38625908887,158.1496733442589,2.25,22.13590188914219,0.0
2026-04-03 08:27:34.203000069,3.315027633585842,17069289472.0,128498.38625908887,158.2333338889074,2.25,22.090056238272343,0.0
2026-04-03 08:27:49.203000069,2.670350021500101,17078611968.0,89070.79807525844,158.3186512064837,2.1665944468517715,21.59623813085264,0.0
2026-04-03 08:28:04.203000069,3.574870021108598,17115410432.0,115262.71107524211,160.201866210428,2.166594446851771,21.402685129941275,0.0
2026-04-03 08:28:19.203000069,3.576858559932165,17115410432.0,115262.71107524211,160.50186565485393,2.166594446851771,22.047810345129665,0.0
2026-04-03 08:28:34.203000069,3.544958486236002,17115410432.0,115262.71107524211,160.7021889989654,2.166594446851771,21.99447238984393,0.0
2026-04-03 08:28:49.203000069,2.5738722377613827,17102450688.0,80332.56680744505,160.83398058501925,2.416747224907497,21.84139764883157,0.0
2026-04-03 08:29:04.203000069,3.4783041713479808,17096425472.0,111961.76558528928,158.55088336277876,2.416747224907497,21.81085113216164,0.0
2026-04-03 08:29:19.203000069,3.484818246267975,17096425472.0,111961.76558528928,158.30088336277876,2.416747224907497,20.31926277687606,0.0
2026-04-03 08:29:34.203000069,3.459292596049621,17096425472.0,111961.76558528928,156.88389335200063,2.416747224907497,20.49489538278763,0.0
2026-04-03 08:29:49.203000069,3.2302686475306817,16870027264.0,120942.89119153468,152.41678444837052,2.1,20.764860036846304,0.0
2026-04-03 08:30:04.203000069,3.399362341376668,16847179776.0,128358.84023084283,153.44959612457362,2.1,20.815149143317537,0.0
2026-04-03 08:30:19.203000069,3.399362341376668,16847179776.0,128358.84023084283,153.24959612457363,2.1,22.64056893369819,0.0
2026-04-03 08:30:34.203000069,3.3899345739753204,16847179776.0,128358.84023084283,154.41600724420297,2.1,22.50940915158467,0.0
2026-04-03 08:30:49.203000069,2.061782974661889,16841420800.0,,161.3801745497372,2.466666666666667,23.526529619794623,0.0
2026-04-03 08:31:04.203000069,3.6850091788720025,16859537408.0,110672.71466008942,164.99763844171946,2.466666666666667,23.21421196241781,0.0
2026-04-03 08:31:19.203000069,3.6895844039319976,16859537408.0,110672.71466008942,165.41430510838617,2.466666666666667,23.747329344570645,0.0
2026-04-03 08:31:34.203000069,3.682758075888302,16859537408.0,110672.71466008942,164.74814344151633,2.466666666666667,23.910868622281463,0.0
2026-04-03 08:31:49.203000069,2.426287966462416,16641769472.0,91211.4162541056,157.55291510061423,2.4833333333333334,22.93599434485248,0.0
2026-04-03 08:32:04.203000069,3.513791105194684,16607162368.0,131471.17762113886,155.21922842005853,2.4833333333333334,23.01159696528801,0.0
2026-04-03 08:32:19.203000069,3.5141854986242254,16607162368.0,131471.17762113886,155.53589453118818,2.4833333333333334,21.74941106375702,0.0
2026-04-03 08:32:34.203000069,3.4735750151988185,16607162368.0,131471.17762113886,156.3020539759098,2.4833333333333334,21.572229388885404,0.0
2026-04-03 08:32:49.203000069,2.254998815438601,16766652416.0,93273.3225564638,162.44686844171886,2.599913336222126,20.727751462989996,0.0
2026-04-03 08:33:04.203000069,3.569519343721582,16967933952.0,111703.06647394352,167.66301401064408,2.5999133362221256,20.361709667559538,0.0
2026-04-03 08:33:19.203000069,3.5704314174818483,16967933952.0,111703.06647394352,167.1130145661811,2.5999133362221256,19.260483251655444,0.0
2026-04-03 08:33:34.203000069,3.2844358316949727,16967933952.0,111703.06647394356,166.4801906770891,2.5999133362221256,19.35235245308441,0.0
2026-04-03 08:33:49.203000069,1.9591839242332552,16962650112.0,90926.40008060758,164.49977057998123,2.233333333333334,18.608646909059207,0.0
2026-04-03 08:34:04.203000069,3.358708454305836,16973643776.0,129204.99487466218,157.83326223898158,2.2333333333333334,19.02053272348152,0.0
2026-04-03 08:34:19.203000069,3.358708454305836,16973643776.0,129204.99487466218,158.11657668405562,2.2333333333333334,20.020958209620083,0.0
2026-04-03 08:34:34.203000069,3.3450095145956222,16973643776.0,129204.99487466218,159.08273057325877,2.2333333333333334,19.884237008953946,0.0
2026-04-03 08:34:49.203000069,1.7165307796887777,16961744896.0,89217.66402339019,163.03570956144728,2.45008166938898,20.5022165234377,0.0
2026-04-03 08:35:04.203000069,3.4436715988663607,16938209280.0,114512.81613123717,165.15332680784718,2.45008166938898,20.228702376599028,0.0
2026-04-03 08:35:19.203000069,3.4436715988663607,16938209280.0,114512.81613123717,164.93669458550465,2.45008166938898,19.83356556269189,0.0
2026-04-03 08:35:34.203000069,3.3994668429850936,16938160128.0,114512.81613123717,163.920042918338,2.45008166938898,19.966897101991293,0.0
2026-04-03 08:35:49.203000069,2.7762760655648933,16706334720.0,80643.29179017161,160.7670639301495,2.4,20.05951395254366,0.0
2026-04-03 08:36:04.203000069,3.4734588588101807,16634474496.0,112270.30430614814,162.96660501434252,2.4,20.15291983438853,0.0
2026-04-03 08:36:19.203000069,3.4734588588101807,16634474496.0,112270.30430614814,163.23325501386103,2.4,19.941815060241293,0.0
2026-04-03 08:36:34.203000069,3.462862352198674,16634474496.0,112270.30430614814,163.6340078172154,2.4,19.878200605139757,0.0
2026-04-03 08:36:49.203000069,3.3402647153659526,16525762560.0,121136.98072569093,163.0506744838821,2.5,19.659047769488765,0.0
2026-04-03 08:37:04.203000069,3.458922333329949,16505585664.0,128425.14600006182,161.56717225603003,2.5,19.635461600740943,0.0
2026-04-03 08:37:19.203000069,3.458922333329949,16505585664.0,128425.14600006182,161.20050725602076,2.5,20.33562977510007,0.0
2026-04-03 08:37:34.203000069,3.452058813628853,16502267904.0,128425.14600006182,161.34974945283307,2.5,20.377268902817804,0.0
2026-04-03 08:37:49.203000069,1.477203558052919,16640073728.0,,166.0305278713302,2.4,21.03384963863741,0.0
2026-04-03 08:38:04.203000069,3.5639687292334363,16805732352.0,111430.75704389426,166.74719453799688,2.4,20.919690346601957,0.0
2026-04-03 08:38:19.203000069,3.5639687292334363,16805732352.0,111430.75704389426,166.66386064908946,2.4,20.75324406718159,0.0
2026-04-03 08:38:34.203000069,3.422816007889338,16805732352.0,111430.75704389426,166.69738677114523,2.4,20.71226947472533,0.0
2026-04-03 08:38:49.203000069,2.271538757840917,16710557696.0,90292.20035721138,166.13327501931474,2.3,20.471967086376797,0.0
2026-04-03 08:39:04.203000069,3.546793641421646,16720969728.0,128675.59385621156,165.2828122569624,2.3,20.85659083228313,0.0
2026-04-03 08:39:19.203000069,3.546793641421646,16720969728.0,128675.59385621156,165.5827950353142,2.3,21.224887556851407,0.0
2026-04-03 08:39:34.203000069,3.5156082402878197,16720969728.0,128675.59385621156,166.0162705913514,2.3,21.20390101718253,0.0
2026-04-03 08:39:49.203000069,2.584269160069661,16768278528.0,89516.92990422773,165.54983031734685,2.350039167319455,20.76938790812708,0.0
2026-04-03 08:40:04.203000069,3.4501205466401053,16820404224.0,113926.0949610904,167.05126341950427,2.350039167319455,20.800661546802864,0.0
2026-04-03 08:40:19.203000069,3.4501205466401053,16820404224.0,113926.0949610904,166.9513103645923,2.350039167319455,20.2527090509434,0.0
2026-04-03 08:40:34.203000069,3.327440164972394,16820404224.0,113926.0949610904,166.26815090894436,2.350039167319455,20.296386189841428,0.0
2026-04-03 08:40:49.203000069,2.239488030120285,16793837568.0,79725.05964706758,163.05347432326175,2.383293611773137,20.785452683322298,0.0
2026-04-03 08:41:04.203000069,3.488992848971851,16794025984.0,111644.11097474804,161.36869594307194,2.383293611773137,20.68348050496896,0.0
2026-04-03 08:41:19.203000069,3.488992848971851,16794025984.0,111644.11097474804,161.06865594202557,2.383293611773137,20.136079386693524,0.0
2026-04-03 08:41:34.203000069,3.4734457524165143,16794025984.0,111644.11097474804,160.80173148898825,2.383293611773137,20.165403889727244,0.0
2026-04-03 08:41:49.203000069,3.183793295261586,16893878272.0,121218.08065348092,157.93284834867544,2.333333333333333,19.670155890844903,0.0
2026-04-03 08:42:04.203000069,3.393321285376346,16911441920.0,129202.8969774042,157.18330805622682,2.333333333333333,19.56941633449097,0.0
2026-04-03 08:42:19.203000069,3.398779186816808,16911441920.0,129202.8969774042,157.54998555607406,2.333333333333333,20.086207784069057,0.0
2026-04-03 08:42:34.203000069,3.385717858718059,16911441920.0,129202.8969774042,157.61608779711045,2.333333333333333,20.09990054330215,0.0
2026-04-03 08:42:49.203000069,1.877344111776359,16881803264.0,,159.93034454410778,2.466666666666667,20.68456842067513,0.0
2026-04-03 08:43:04.203000069,3.563067440678633,17014468608.0,111971.35118402724,160.1303595436078,2.466666666666667,21.28534579500077,0.0
2026-04-03 08:43:19.203000069,3.563067440678633,17014468608.0,111971.35118402724,159.8470256547004,2.466666666666667,22.01732572432013,0.0
2026-04-03 08:43:34.203000069,3.5489921641715267,17014468608.0,111971.35118402724,160.86458509127544,2.466666666666667,21.89205500192205,0.0
2026-04-03 08:43:49.203000069,2.670014906551405,16764358656.0,91619.12605685674,163.20032834427815,2.3,21.29710557171933,0.0
2026-04-03 08:44:04.203000069,3.551598252789945,16723845120.0,132866.3894379592,164.18311225148122,2.3,21.298493227423087,0.0
2026-04-03 08:44:19.203000069,3.551598252789945,16723845120.0,132866.3894379592,164.36643058534233,2.3,20.26769728904273,0.0
2026-04-03 08:44:34.203000069,3.3843832170468864,16723845120.0,132866.3894379592,162.74982975169874,2.3,20.41099708693661,0.0
2026-04-03 08:44:49.203000069,2.038937296794564,16751964160.0,93565.61866212284,159.45221705349772,2.35,21.268276754472005,0.0
2026-04-03 08:45:04.203000069,3.934957351709371,16842129408.0,127064.98418800769,159.77001927694343,2.35,21.474575094001487,1.25
2026-04-03 08:45:19.203000069,3.934957351709371,16842129408.0,127064.98418800769,159.9200492769805,2.35,22.934881741460025,1.25
2026-04-03 08:45:34.203000069,3.909661659170476,16842121216.0,127064.98418800769,160.7694917690681,2.35,22.880299488335588,1.25
2026-04-03 08:45:49.203000069,2.7447457719652406,16418619392.0,90946.0093698844,164.73377113393582,2.8166666666666664,22.65361824547125,1.25
2026-04-03 08:46:04.203000069,3.5454652742629174,16493961216.0,128726.7841589296,169.08303556382387,2.8166666666666664,21.435205775881613,1.2499895834201382
2026-04-03 08:46:19.203000069,3.5467269262772376,16493961216.0,128726.7841589296,169.13302056325904,2.8166666666666664,20.36764263594908,1.2499895834201382
2026-04-03 08:46:34.203000069,3.536759503651969,16493961216.0,128726.7841589296,168.91620723753653,2.8166666666666664,20.34033538136289,1.2499895834201382
2026-04-03 08:46:49.203000069,2.7710152342424026,16520232960.0,89187.81604291372,165.79714287301533,2.4,19.789089769022745,1.2499895834201382
2026-04-03 08:47:04.203000069,3.4192257075998302,16588087296.0,115060.15014124516,162.2807662060527,2.4,19.99982074428276,1.25
2026-04-03 08:47:19.203000069,3.4192257075998302,16588087296.0,115060.15014124516,162.0641073173027,2.4,19.72161793165556,1.25
2026-04-03 08:47:34.203000069,3.3896374619171685,16588087296.0,115060.15014124516,162.2808200935435,2.4,19.69204465414854,1.25
2026-04-03 08:47:49.203000069,2.6422484328756237,16590213120.0,80449.52953072627,162.04988445806467,2.6166666666666667,18.780200167332403,1.25
2026-04-03 08:48:04.203000069,3.35522691085918,16586158080.0,111456.81564245808,161.5497438978238,2.6166666666666667,18.722528268349404,1.2499895834201382
2026-04-03 08:48:19.203000069,3.356161844973624,16586158080.0,111456.81564245808,161.54971473207834,2.6166666666666667,17.948111263501637,1.2499895834201382
2026-04-03 08:48:34.203000069,3.3534022128624543,16586158080.0,111456.81564245808,161.03331194550458,2.6166666666666667,17.998586881123238,1.2499895834201382
2026-04-03 08:48:49.203000069,2.541607810774541,16515121152.0,120759.63577081944,162.9357592493036,2.4833333333333334,17.991788872698045,1.2499895834201382
2026-04-03 08:49:04.203000069,3.395363739207987,16534835200.0,128482.3844049036,163.36909258263694,2.4833333333333334,18.02867415722161,0.0
2026-04-03 08:49:19.203000069,3.395363739207987,16534835200.0,128482.3844049036,163.43579619320644,2.4833333333333334,18.147357715252724,0.0
2026-04-03 08:49:34.203000069,3.389093631146572,16534900736.0,128482.3844049036,164.25304565707748,2.4833333333333334,18.07460470033121,0.0
2026-04-03 08:49:49.203000069,1.466955418189654,16493592576.0,,164.0839316866118,2.533333333333333,18.287957220678337,0.0
2026-04-03 08:50:04.203000069,3.391596317436066,16605630464.0,111951.74220918988,165.60067557678772,2.533333333333333,18.195562061181107,0.0
2026-04-03 08:50:19.203000069,3.391596317436066,16605630464.0,111951.74220918988,165.68399335404698,2.533333333333333,19.263303881254537,0.0
2026-04-03 08:50:34.203000069,3.3748688785468284,16605630464.0,111951.74220918988,165.76641390117558,2.533333333333333,19.28949105358391,0.0
2026-04-03 08:50:49.203000069,2.680826658964107,16762855424.0,90747.54630761217,165.51641390117558,2.3833333333333333,19.842519166777457,0.0
2026-04-03 08:51:04.203000069,3.4073686635841547,16796356608.0,129668.6816888756,164.69915391592505,2.3833333333333333,19.8586747157568,0.0
2026-04-03 08:51:19.203000069,3.4077773685528934,16796356608.0,129668.6816888756,164.56580502755466,2.3833333333333333,19.74272010214834,0.0
2026-04-03 08:51:34.203000069,3.2675327683636355,16796356608.0,129668.6816888756,163.73310613781462,2.3833333333333333,19.820422562197656,0.0
2026-04-03 08:51:49.203000069,2.237740390542989,16811888640.0,89561.07787015896,163.06402399610823,2.583333333333333,20.46898354100523,0.0
2026-04-03 08:52:04.203000069,3.43194565108013,16851120128.0,113720.00738848012,159.8648212199609,2.583333333333333,20.755326074976736,0.0
2026-04-03 08:52:19.203000069,3.43194565108013,16851120128.0,113720.00738848012,159.84816955375723,2.583333333333333,20.738694412709084,0.0
2026-04-03 08:52:34.203000069,3.408015897494357,16851120128.0,113720.00738848012,159.91420955434913,2.583333333333333,20.69995176599047,0.0
2026-04-03 08:52:49.203000069,2.275496413144644,16784121856.0,79470.19551664402,163.76915789159537,2.7333333333333334,20.030303136486687,0.0
2026-04-03 08:53:04.203000069,3.480335631961644,16783265792.0,111233.33891649454,168.85175733346492,2.7333333333333334,19.78851282526492,0.0
2026-04-03 08:53:19.203000069,3.480335631961644,16783265792.0,111233.33891649454,168.93509122137232,2.7333333333333334,19.319983442750157,0.0
2026-04-03 08:53:34.203000069,3.4545377181084715,16783265792.0,111233.33891649454,168.46879233989125,2.7333333333333334,19.39380071083777,0.0
2026-04-03 08:53:49.203000069,2.9987822755196083,16789778432.0,120924.27287774888,160.1495928110181,2.35,20.097254303124007,0.0
2026-04-03 08:54:04.203000069,3.497694975942189,16776675328.0,128975.15422316364,156.7333789070371,2.35,20.357369710220105,0.0
2026-04-03 08:54:19.203000069,3.497694975942189,16776675328.0,128975.15422316364,156.88337946261117,2.35,20.67301514196432,0.0
2026-04-03 08:54:34.203000069,3.497694975942189,16776675328.0,128975.15422316364,157.9663422330737,2.35,20.539932478910664,0.0
2026-04-03 08:54:49.203000069,1.5274140483505407,16736456704.0,,161.49967556640706,2.216666666666667,19.67400836024594,0.0
2026-04-03 08:55:04.203000069,3.3250265486614183,16733298688.0,112215.814069802,158.3663305667959,2.216666666666667,19.7981737985706,0.0
2026-04-03 08:55:19.203000069,3.325087365280186,16733298688.0,112215.814069802,158.16633001122185,2.216666666666667,20.354647289939088,0.0
2026-04-03 08:55:34.203000069,3.302395320343779,16733421568.0,112215.81406980196,158.30031667800034,2.216666666666667,20.364744452719123,0.0
2026-04-03 08:55:49.203000069,2.9271278632944164,16722182144.0,89403.34554398149,163.06698334466705,2.583333333333333,20.535542528164143,0.0
2026-04-03 08:56:04.203000069,3.422321094974154,16728317952.0,128634.82248960192,168.88429058746402,2.583333333333333,20.020119882358912,0.0
2026-04-03 08:56:19.203000069,3.422321094974154,16728317952.0,128634.82248960192,169.08430947701962,2.583333333333333,19.630620489215477,0.0
2026-04-03 08:56:34.203000069,3.4206699052785585,16728322048.0,128634.82248960192,168.63398113274147,2.583333333333333,19.637108752745625,0.0
2026-04-03 08:56:49.203000069,2.171860014587,16656449536.0,90376.68236748614,165.59820954734985,2.466666666666667,19.983592425398683,0.0
2026-04-03 08:57:04.203000069,3.4608585253473376,16630964224.0,114565.0232587084,163.3638184295709,2.466666666666667,20.31721168748661,0.0
2026-04-03 08:57:19.203000069,3.461851322222315,16630964224.0,114565.0232587084,163.11379954001532,2.466666666666667,20.041997493312643,0.0
2026-04-03 08:57:34.203000069,3.444017754760797,16630964224.0,114565.0232587084,163.39713287334865,2.466666666666667,20.04879058890304,0.0
2026-04-03 08:57:49.203000069,2.0262665547947423,16656838656.0,80124.9002316249,160.8019317596503,2.466666666666667,19.6246720455026,0.0
2026-04-03 08:58:04.203000069,3.3645331279232376,16763342848.0,113152.7832535436,159.25266009659555,2.466666666666667,19.584676042208457,0.0
2026-04-03 08:58:19.203000069,3.36492900618473,16763342848.0,113152.7832535436,159.21932565218813,2.466666666666667,19.499078948315308,0.0
2026-04-03 08:58:34.203000069,3.3591930672368706,16763342848.0,113152.7832535436,158.38594622613255,2.466666666666667,19.578671638531844,0.0
2026-04-03 08:58:49.203000069,2.521798654726221,16793112576.0,121590.77507032228,159.3311695613124,2.05,19.85449141322897,0.0
2026-04-03 08:59:04.203000069,3.40414638166376,16812462080.0,128530.6888192332,159.11357263022254,2.05,19.92307048301013,0.0
2026-04-03 08:59:19.203000069,3.40414638166376,16812462080.0,128530.6888192332,159.1635604084818,2.05,19.99046237300714,0.0
2026-04-03 08:59:34.203000069,3.3973342799470343,16812105728.0,128530.6888192332,158.94670039807417,2.05,20.097051859295064,0.0
2026-04-03 08:59:49.203000069,2.607390623318775,16845627392.0,110532.41516451546,156.19911642865094,2.5166666666666666,20.69917647242358,0.0
2026-04-03 09:00:04.203000069,3.4787693328455127,16871260160.0,110532.41516451546,157.91719976754314,2.5166666666666666,20.579775461702024,0.0
2026-04-03 09:00:19.203000069,3.4788111787767333,16871260160.0,110532.41516451546,158.08390032337653,2.5166666666666666,20.218435436495746,0.0
2026-04-03 09:00:34.203000069,3.4630383813812964,16871260160.0,110532.41516451546,158.9189321107774,2.5166666666666666,20.022051999112584,0.0
2026-04-03 09:00:49.203000069,2.798458148444484,17121193984.0,128149.33843259414,161.57374132028028,2.083333333333333,19.10152240649276,0.0
2026-04-03 09:01:04.203000069,3.4594167399387663,17209827328.0,128149.33843259414,158.0396221167924,2.083333333333333,19.325852628291525,0.0
2026-04-03 09:01:19.203000069,3.4594167399387663,17209827328.0,128149.33843259414,157.77293322719052,2.083333333333333,19.5041836338051,0.0
2026-04-03 09:01:34.203000069,3.457177518327984,17209827328.0,128149.33843259414,157.92057315010155,2.083333333333333,19.542573142502704,0.0
2026-04-03 09:01:49.203000069,1.257820449920933,17112457216.0,,158.38002013205897,2.3,20.10869484050024,0.0
2026-04-03 09:02:04.203000069,3.433238498344233,16838025216.0,111335.36443555517,160.79654847000324,2.3,19.94164601482735,0.0
2026-04-03 09:02:19.203000069,3.433238498344233,16838025216.0,111335.36443555517,161.01321624770696,2.3,20.46369110135701,0.0
2026-04-03 09:02:34.203000069,3.2842092223990083,16838025216.0,111335.36443555517,160.69688399274654,2.3,20.493664790026447,0.0
2026-04-03 09:02:49.203000069,2.430443229415828,16730259456.0,90196.1319169911,160.7968823261354,2.3,19.561527544869094,0.0
2026-04-03 09:03:04.203000069,3.222388504800348,16724525056.0,129823.7496256364,163.29673900735747,2.3,19.43634763306688,0.0
2026-04-03 09:03:19.203000069,3.222388504800348,16724525056.0,129823.7496256364,163.1967384518297,2.3,18.149565950109576,0.0
2026-04-03 09:03:34.203000069,3.1137666489737903,16724525056.0,129823.7496256364,163.01428344333067,2.3,18.131040785252527,0.0
2026-04-03 09:03:49.203000069,2.2887349815931266,16664547328.0,90310.80956249376,163.5857906660953,2.5,17.687378101226827,0.0
2026-04-03 09:04:04.203000069,3.250852352536423,16540246016.0,115440.8706393758,159.00296233562344,2.5,17.73977674533671,0.0
2026-04-03 09:04:19.203000069,3.2530554481221907,16540246016.0,115440.8706393758,158.75296455784564,2.5,17.657155434877208,0.0
2026-04-03 09:04:34.203000069,3.2368097416686523,16540246016.0,115440.8706393758,158.36956733349373,2.5,17.686041875841674,0.0
2026-04-03 09:04:49.203000069,2.4946890473110472,16651845632.0,80835.32193234986,153.0004722525466,2.45,18.006271601726752,0.0
2026-04-03 09:05:04.203000069,3.2775554098366286,16661680128.0,112983.96869002371,156.41708640572756,2.45,17.971073414657184,0.0
2026-04-03 09:05:19.203000069,3.2775554098366286,16661680128.0,112983.96869002371,156.6170852945794,2.45,17.854168825068445,0.0
2026-04-03 09:05:34.203000069,3.25754771078598,16661680128.0,112983.96869002371,157.0832508503196,2.45,17.817234272597645,0.0
2026-04-03 09:05:49.203000069,2.708659822738077,16877228032.0,120485.03295222991,163.76658418365292,2.6666666666666665,17.478196411785376,0.0
2026-04-03 09:06:04.203000069,3.370483211508818,16931184640.0,126699.88307740274,168.31626834661066,2.6666666666666665,17.225655220775366,0.0
2026-04-03 09:06:19.203000069,3.3704832115088186,16931184640.0,126699.88307740276,168.63293501327732,2.6666666666666665,17.610043807633023,0.0
2026-04-03 09:06:34.203000069,3.339146267080715,16931184640.0,126699.88307740276,169.2497766909627,2.6666666666666665,17.571360479972615,0.0
2026-04-03 09:06:49.203000069,1.4576611469420504,16937893888.0,,174.51381400083014,2.6166666666666667,17.241585029952486,0.0
2026-04-03 09:07:04.203000069,3.324981177380069,16874057728.0,115115.5203648176,170.96410233410825,2.6166666666666667,17.38721076243467,0.0
2026-04-03 09:07:19.203000069,3.324981177380069,16874057728.0,115115.5203648176,171.1141017785712,2.6166666666666667,17.588850468910945,0.0
2026-04-03 09:07:34.203000069,3.3206909708776977,16874057728.0,115115.5203648176,171.3309134454788,2.6166666666666667,17.557260249223923,0.0
2026-04-03 09:07:49.203000069,2.29207727819468,16954687488.0,79284.58245095743,164.10020946894468,2.333333333333333,17.96234906916399,0.0
2026-04-03 09:08:04.203000069,3.235244954026846,17000931328.0,112411.90141505012,161.70006613083342,2.333333333333333,18.098323809655035,0.0
2026-04-03 09:08:19.203000069,3.2356624807508263,17000931328.0,112411.90141505012,161.18339946420377,2.333333333333333,17.25718375026799,0.0
2026-04-03 09:08:34.203000069,3.200718778645216,17000931328.0,112411.90141505016,159.96691111933362,2.333333333333333,17.334983580822147,0.0
2026-04-03 09:08:49.203000069,2.3756166549155964,17131417600.0,121646.82991486396,159.38597731042887,2.2333333333333334,17.346407604867444,0.0
2026-04-03 09:09:04.203000069,3.229857545076162,17196912640.0,129305.16483004089,157.8693106437622,2.2333333333333334,17.44880450486551,0.0
2026-04-03 09:09:19.203000069,3.229857545076162,17196912640.0,129305.16483004089,158.11931064372516,2.2333333333333334,17.955618744981685,0.0
2026-04-03 09:09:34.203000069,3.207742459442368,17196904448.0,129305.16483004089,158.9354811994839,2.2333333333333334,17.945459694134517,0.0
2026-04-03 09:09:49.203000069,1.5892188242194631,17205252096.0,,160.6664150083886,2.466666666666667,17.860161169132677,0.0
2026-04-03 09:10:04.203000069,3.326216930493754,17250091008.0,112608.67451742904,165.53294223525882,2.466666666666667,17.5558806159453,0.0
2026-04-03 09:10:19.203000069,3.3319811028880646,17250091008.0,112608.67451742904,165.532943901944,2.466666666666667,17.49186733026371,0.0
2026-04-03 09:10:34.203000069,3.324168382150654,17250091008.0,112608.674517429,165.11652833801836,2.466666666666667,17.472800422972576,0.0
2026-04-03 09:10:49.203000069,2.3922239697514307,17131458560.0,89773.27836354783,168.266065020129,2.53324889170361,17.260926616277366,0.0
2026-04-03 09:11:04.203000069,3.304732610314008,17114509312.0,129496.25440107874,165.8161883493513,2.5332488917036096,17.421217997587064,0.0
2026-04-03 09:11:19.203000069,3.317101159461985,17114509312.0,129496.25440107874,165.71618723820316,2.5332488917036096,17.30866929109156,0.0
2026-04-03 09:11:34.203000069,3.291793509443965,17114509312.0,129496.25440107874,165.81618723820318,2.5332488917036096,17.33219579673771,0.0
2026-04-03 09:11:49.203000069,2.5522498687958945,17170984960.0,90217.88217032488,160.73375390398198,2.2834094469815662,17.599499092026832,0.0
2026-04-03 09:12:04.203000069,3.291828006291736,17231355904.0,115220.56226656876,161.4501300332594,2.2834094469815662,17.541171166125025,0.0
2026-04-03 09:12:19.203000069,3.292092855905533,17231355904.0,115220.56226656876,161.55011447828716,2.2834094469815662,17.949175232693456,0.0
2026-04-03 09:12:34.203000069,3.2738077678909083,17231355904.0,115220.56226656876,161.90052921159767,2.2834094469815662,17.92465315072158,0.0
2026-04-03 09:12:49.203000069,2.513829300543171,16988467200.0,81036.87688036835,162.51675919704164,2.15,17.887271735611954,0.0
2026-04-03 09:13:04.203000069,3.243378689992346,16984985600.0,113409.00474823116,161.75081919233872,2.15,17.902737756066838,0.0
2026-04-03 09:13:19.203000069,3.243410425780028,16984985600.0,113409.00474823116,161.46751363663506,2.15,17.58349223167025,0.0
2026-04-03 09:13:34.203000069,3.121843705458544,16984985600.0,113409.00474823116,160.9499839257401,2.15,17.62551479851702,0.0
2026-04-03 09:13:49.203000069,3.0693039799487485,16747368448.0,120977.24499808028,160.06621171814703,2.36658778040732,17.904592420880864,0.0
2026-04-03 09:14:04.203000069,3.2845529077958773,16749170688.0,127285.84837771034,160.34855172325703,2.366587780407319,17.97217136086232,0.0
2026-04-03 09:14:19.203000069,3.2845529077958773,16749170688.0,127285.84837771034,160.63185450121068,2.366587780407319,17.78202342473726,0.0
2026-04-03 09:14:34.203000069,3.251191978557842,16749170688.0,127285.84837771034,160.1990378303693,2.366587780407319,17.79132728565262,0.0
2026-04-03 09:14:49.203000069,0.9375757011894434,16716582912.0,,160.56418124333055,2.3334111137037903,17.393305292524992,0.0
2026-04-03 09:15:04.203000069,3.222416494137664,16790892544.0,115173.65232056969,157.86531513179477,2.3334111137037903,17.546245155292638,0.0
2026-04-03 09:15:19.203000069,3.222416494137664,16790892544.0,115173.65232056969,157.66533346451703,2.3334111137037903,17.2181329540798,0.0
2026-04-03 09:15:34.203000069,3.220634663968453,16790892544.0,115173.65232056969,158.16494623468327,2.3334111137037903,17.18565217117157,0.0
2026-04-03 09:15:49.203000069,2.024151478503505,16806031360.0,79196.4713394938,155.8169083626484,1.95,17.25758130710176,0.0
2026-04-03 09:16:04.203000069,3.197463855274161,16826589184.0,112415.81226218816,153.29927669077696,1.95,17.309252949723373,0.0
2026-04-03 09:16:19.203000069,3.1974638552741617,16826589184.0,112415.81226218816,153.2326100241103,1.95,17.356662696428486,0.0
2026-04-03 09:16:34.203000069,3.168874797513925,16826589184.0,112415.81226218816,152.2329289023699,1.95,17.451849495445067,0.0
2026-04-03 09:16:49.203000069,2.80578628661728,16870772736.0,121952.9724706504,150.4518589778169,2.183333333333333,17.510512864929098,0.0
2026-04-03 09:17:04.203000069,3.17643432850536,16875679744.0,129910.45009539896,153.41891840916918,2.183333333333333,17.379059067269896,0.0
2026-04-03 09:17:19.203000069,3.17643432850536,16875679744.0,129910.45009539896,153.41891840916918,2.183333333333333,17.721212130793457,0.0
2026-04-03 09:17:34.203000069,3.174643765197246,16875679744.0,129910.45009539896,155.0689184091692,2.183333333333333,17.577828862609262,0.0
2026-04-03 09:17:49.203000069,1.5302223301807871,16815001600.0,,162.53083397220092,2.6166666666666667,17.70261299531126,0.0
2026-04-03 09:18:04.203000069,3.4472080144476296,16817647616.0,111880.49726597186,165.13128343084955,2.6166666666666667,17.513092904234362,0.0
2026-04-03 09:18:19.203000069,3.4472080144476296,16817647616.0,111880.49726597186,165.1312956534792,2.6166666666666667,18.98497307068814,0.0
2026-04-03 09:18:34.203000069,3.4366946815722583,16817647616.0,111880.49726597186,164.09820843946096,2.6166666666666667,19.151577872105698,0.0
2026-04-03 09:18:49.203000069,2.4493474929112327,16866267136.0,89059.08887443547,161.35310899252198,2.433333333333333,20.985905079543613,0.0
2026-04-03 09:19:04.203000069,3.4970371942881577,16873803776.0,128095.72835991942,161.63600453348445,2.433333333333333,21.19162530163593,0.0
2026-04-03 09:19:19.203000069,3.4970371942881577,16873803776.0,128095.72835991942,161.76932564418814,2.433333333333333,20.98766044036764,0.0
2026-04-03 09:19:34.203000069,3.492378984985955,16873803776.0,128095.72835991942,162.03580509909534,2.433333333333333,20.89157299130887,0.0
2026-04-03 09:19:49.203000069,2.166120204319677,16829607936.0,90490.55863885756,161.63101509790482,2.6333333333333333,20.884541952373745,0.0
2026-04-03 09:20:04.203000069,3.4972879238541035,16743768064.0,114633.8856309535,163.74706900721895,2.6333333333333333,20.550894936787728,0.0
2026-04-03 09:20:19.203000069,3.4972879238541035,16743768064.0,114633.8856309535,164.21373789621896,2.6333333333333333,20.485196722213537,0.0
2026-04-03 09:20:34.203000069,3.492985787459701,16743768064.0,114633.8856309535,164.24750791059148,2.6333333333333333,20.481468643592383,0.0
2026-04-03 09:20:49.203000069,2.54239719160957,16716460032.0,78832.49248486434,163.32011439837618,2.3,19.52731868227833,0.0
2026-04-03 09:21:04.203000069,3.3093152891985524,16712364032.0,111883.27939993642,157.48752827132145,2.3,20.092120501388315,0.0
2026-04-03 09:21:19.203000069,3.3093152891985524,16712364032.0,111883.27939993642,156.90417771615478,2.3,19.92237498252679,0.0
2026-04-03 09:21:34.203000069,3.291660024316445,16712364032.0,111883.27939993642,156.01986993726155,2.3,20.064560388802573,0.0
2026-04-03 09:21:49.203000069,2.5871809235030523,16661708800.0,76799.01388177052,153.56516200043748,2.35,22.05013214043454,0.0
2026-04-03 09:22:04.203000069,3.472223395425169,16611364864.0,128315.36583858608,152.63209256478964,2.35,22.06694031601128,0.0
2026-04-03 09:22:19.203000069,3.472223395425169,16611364864.0,128315.36583858608,152.41545034238226,2.35,21.70739197605932,0.0
2026-04-03 09:22:34.203000069,3.4707941676913663,16611373056.0,128315.36583858608,154.249525319218,2.35,21.503775323020115,0.0
2026-04-03 09:22:49.203000069,2.3656895947849104,16777768960.0,80211.91557033815,160.46733724457482,2.35,19.891597407644323,0.0
2026-04-03 09:23:04.203000069,3.513909142723894,16823353344.0,111164.1965461594,164.50049584613464,2.35,19.630684258815958,0.0
2026-04-03 09:23:19.203000069,3.518884959957924,16823353344.0,111164.1965461594,165.017152512505,2.35,20.919898300354,0.0
2026-04-03 09:23:34.203000069,3.4754290428107435,16823353344.0,111164.1965461594,165.1831705785917,2.35,20.889600970682054,0.0
2026-04-03 09:23:49.203000069,2.4538831383886603,17032245248.0,119780.4514570055,167.76394455279254,2.3833333333333333,21.54624330354869,0.0
2026-04-03 09:24:04.203000069,3.656646252307894,17148493824.0,126942.19858156033,165.77610772886396,2.3833333333333333,21.70446107932177,0.0
2026-04-03 09:24:19.203000069,3.656646252307894,17148493824.0,126942.19858156028,165.24274828591942,2.3833333333333333,19.654266505620072,0.0
2026-04-03 09:24:34.203000069,3.6323623868443775,17148493824.0,126942.19858156028,163.1765866019482,2.3833333333333333,19.844226872171,0.0
2026-04-03 09:24:49.203000069,1.4479969370124044,17172381696.0,,153.26247929441402,2.216666666666667,18.451087984693437,0.0
2026-04-03 09:25:04.203000069,3.233509322492291,17170350080.0,114020.60147555335,152.7375701328969,2.216666666666667,18.320873892695484,0.0
2026-04-03 09:25:19.203000069,3.238778384881744,17170350080.0,114020.60147555333,153.10430846724898,2.216666666666667,17.75725989266963,0.0
2026-04-03 09:25:34.203000069,3.212610941095698,17170350080.0,114020.60147555333,153.7041892985962,2.216666666666667,17.71476307493804,0.0
2026-04-03 09:25:49.203000069,2.44484958144094,17144799232.0,78063.59291156539,153.9231204851913,2.216666666666667,17.94613110112809,0.0
2026-04-03 09:26:04.203000069,3.222433033315624,17144557568.0,112061.04683814444,157.3189761891323,2.216666666666667,17.904410287344696,0.0
2026-04-03 09:26:19.203000069,3.222433033315624,17144557568.0,112061.04683814444,157.05225507583583,2.216666666666667,18.10272870564482,0.0
2026-04-03 09:26:34.203000069,3.2110526151950327,17144557568.0,112061.04683814444,157.68558840916918,2.216666666666667,18.03898471288637,0.0
2026-04-03 09:26:49.203000069,2.466180131981818,17071599616.0,77734.88050750685,162.51665722257408,2.0,17.224193164015023,0.0
2026-04-03 09:27:04.203000069,3.2474307083827987,17041461248.0,129474.39789516293,157.8999905559074,2.0,17.318279763541724,0.0
2026-04-03 09:27:19.203000069,3.2474307083827987,17041461248.0,129474.39789516293,158.16668222277778,2.0,16.973109308038435,0.0
2026-04-03 09:27:34.203000069,3.139036440103549,17041461248.0,129474.39789516293,157.7166822227778,2.0,17.002767422207043,0.0
2026-04-03 09:27:49.203000069,2.3981856192327333,17027801088.0,81161.44398774409,156.6166822227778,2.583333333333333,17.54430519483078,0.0
2026-04-03 09:28:04.203000069,3.292672182561928,16972550144.0,113450.36260474204,160.21624723727732,2.583333333333333,17.401352144817192,0.0
2026-04-03 09:28:19.203000069,3.292672182561928,16972550144.0,113450.36260474204,160.26623168116618,2.583333333333333,17.85905549031036,0.0
2026-04-03 09:28:34.203000069,3.269301953515563,16972550144.0,113450.36260474204,160.83289834783284,2.583333333333333,17.801569561959766,0.0
2026-04-03 09:28:49.203000069,2.631705864580958,16984219648.0,120650.80095041003,159.83289834783287,2.1666666666666665,17.7866727403478,0.0
2026-04-03 09:29:04.203000069,3.2535650524844275,16985755648.0,126620.71436359952,158.417100570019,2.1666666666666665,17.83796287056776,0.0
2026-04-03 09:29:19.203000069,3.2586987566452104,16985755648.0,126620.71436359952,158.38376723668566,2.1666666666666665,17.688710810100968,0.0
2026-04-03 09:29:34.203000069,3.2181119038345734,16985755648.0,126620.71436359952,157.50043390335233,2.1666666666666665,17.766136485262187,0.0
2026-04-03 09:29:49.203000069,1.1306820792449783,16955318272.0,,160.94799287360885,2.533333333333333,17.762326548357223,0.0
2026-04-03 09:30:04.203000069,3.2949055861385483,16953671680.0,114991.22547262444,163.14755897025654,2.533333333333333,17.548031413001418,0.0
2026-04-03 09:30:19.203000069,3.2949055861385483,16953671680.0,114991.22547262444,163.24756174819174,2.533333333333333,17.778235838026784,0.0
2026-04-03 09:30:34.203000069,3.28109148133471,16953671680.0,114991.22547262444,164.34811260370665,2.533333333333333,17.695982325560085,0.0
2026-04-03 09:30:49.203000069,2.23545227917864,16877588480.0,78759.97381537019,164.22166953017506,2.549915002833239,17.745483587645833,0.0
2026-04-03 09:31:04.203000069,3.2409440047613733,16825856000.0,112083.26148078725,161.13832119734172,2.5499150028332385,17.99668251258592,0.0
2026-04-03 09:31:19.203000069,3.2477333125621857,16825856000.0,112083.26148078725,161.12165008612874,2.5499150028332385,18.651020766598094,0.0
2026-04-03 09:31:34.203000069,3.1065508235571078,16826560512.0,112083.26148078725,160.62081673532208,2.5499150028332385,18.72848246316302,0.0
2026-04-03 09:31:49.203000069,2.463695715344946,16796123136.0,76942.35692502343,159.0644231555209,2.416747224907497,19.329246581784105,0.0
2026-04-03 09:32:04.203000069,3.3687031479328864,16773255168.0,128820.30475718534,159.58111815546536,2.416747224907497,19.29601051724305,0.0
2026-04-03 09:32:19.203000069,3.3687031479328864,16773255168.0,128820.30475718535,159.33111815549313,2.416747224907497,19.728517195425027,0.0
2026-04-03 09:32:34.203000069,3.366822320959667,16773255168.0,128820.30475718535,160.21447621493274,2.416747224907497,19.658765684585035,0.0
2026-04-03 09:32:49.203000069,2.725574137966744,16785043456.0,80284.84765826062,163.8139089817284,2.4166666666666665,19.900851463878432,0.0
2026-04-03 09:33:04.203000069,3.4607101278654917,16780247040.0,111252.42321073098,168.39722898128394,2.4166666666666665,19.76032108145916,0.0
2026-04-03 09:33:19.203000069,3.460723676120479,16780247040.0,111252.42321073098,168.53056453681174,2.4166666666666665,19.73361795605152,0.0
2026-04-03 09:33:34.203000069,3.4224900245212524,16780247040.0,111252.42321073098,167.89741899177488,2.4166666666666665,19.744522952296684,0.0
2026-04-03 09:33:49.203000069,2.821955326610856,16919834624.0,118832.71309736304,165.6832639080555,2.533333333333333,19.970173552913277,0.0
2026-04-03 09:34:04.203000069,3.486184776752718,16929267712.0,125099.12182218052,162.26665807573605,2.533333333333333,20.09898663848896,0.0
2026-04-03 09:34:19.203000069,3.486184776752717,16929267712.0,125099.12182218052,162.39998918687493,2.533333333333333,19.892512133614872,0.0
2026-04-03 09:34:34.203000069,3.472500344375637,16930504704.0,125099.12182218052,161.28343751896765,2.533333333333333,20.073980864425423,0.0
2026-04-03 09:34:49.203000069,1.3370749834464206,16984997888.0,,154.06677085230098,2.15,20.191980863511688,0.0
2026-04-03 09:35:04.203000069,3.2769003654829016,17044480000.0,114166.33721468944,150.19998918552318,2.15,20.464700421802902,0.0
2026-04-03 09:35:19.203000069,3.2769003654829016,17044480000.0,114166.33721468944,149.83333196341206,2.15,19.616813665710403,0.0
2026-04-03 09:35:34.203000069,3.1456054575792143,17044480000.0,114166.33721468944,150.08322474146752,2.15,19.5587300020154,0.0
2026-04-03 09:35:49.203000069,2.0267004119770258,16909193216.0,77263.70888783508,156.63563482180354,2.7333333333333334,19.096862906346686,0.0
2026-04-03 09:36:04.203000069,3.3705815591063404,16910901248.0,111950.70052210496,161.01858400217807,2.7333333333333334,18.767690664881822,0.0
2026-04-03 09:36:19.203000069,3.3705815591063404,16910901248.0,111950.70052210496,161.4352342799049,2.7333333333333334,18.82650267342024,0.0
2026-04-03 09:36:34.203000069,3.3311676549499625,16910901248.0,111950.70052210496,162.46837871457137,2.7333333333333334,18.72773410027804,0.0
2026-04-03 09:36:49.203000069,2.140933242794566,16897130496.0,78060.42470655072,163.38263530090202,2.1333333333333333,17.84479013952633,0.0
2026-04-03 09:37:04.203000069,3.301396349605683,16931442688.0,129641.4468045318,166.29974028629138,2.1333333333333333,17.704822531565192,0.0
2026-04-03 09:37:19.203000069,3.301396349605683,16931442688.0,129641.4468045318,166.333062786796,2.1333333333333333,17.948134357982813,0.0
2026-04-03 09:37:34.203000069,3.288036246040463,16931442688.0,129641.4468045318,167.1003200119633,2.1333333333333333,17.86300218218065,0.0
2026-04-03 09:37:49.203000069,2.485197666781308,16932704256.0,80057.0488063478,172.84771176557152,2.75,17.717746306885278,0.0
2026-04-03 09:38:04.203000069,3.3892268872061275,16947486720.0,112500.24424153609,171.44769676607152,2.75,17.762774663546807,0.0
2026-04-03 09:38:19.203000069,3.3892268872061275,16947486720.0,112500.24424153609,171.11439454366413,2.75,17.248271981235362,0.0
2026-04-03 09:38:34.203000069,3.3724823937010155,16947486720.0,112500.24424153609,170.41373454303377,2.75,17.32660618476735,0.0
2026-04-03 09:38:49.203000069,3.1233751801283507,16833810432.0,120423.15476647964,165.16634278942556,2.4166666666666665,17.43084503342798,0.0
2026-04-03 09:39:04.203000069,3.2596434462289,16830185472.0,127025.39414149956,163.8667916922779,2.4166666666666665,17.505545232159264,0.0
2026-04-03 09:39:19.203000069,3.2596434462289,16830185472.0,127025.39414149956,164.01676502572232,2.4166666666666665,17.970464232063343,0.0
2026-04-03 09:39:34.203000069,3.2516581668990345,16830185472.0,127025.39414149956,165.1007633598527,2.4166666666666665,17.902624709045703,0.0
2026-04-03 09:39:49.203000069,1.129065966252807,16705478656.0,,171.0200701145223,2.65,17.692948553302028,0.0
2026-04-03 09:40:04.203000069,3.3666899285345933,16655347712.0,115100.91113330003,171.7196534339663,2.65,17.63067513975899,0.0
2026-04-03 09:40:19.203000069,3.369895898227304,16655347712.0,115100.91113330003,171.90302010067003,2.65,17.304402706722612,0.0
2026-04-03 09:40:34.203000069,3.3477360938999907,16655347712.0,115100.91113330003,170.919264553114,2.65,17.33572926450928,0.0
2026-04-03 09:40:49.203000069,2.16631765314104,16730058752.0,78823.95992728624,167.0666244651111,2.466666666666667,17.396990717984607,0.0
2026-04-03 09:41:04.203000069,3.3240029972042677,16733114368.0,112265.51924555188,167.0332739089814,2.466666666666667,17.431756022538266,0.0
2026-04-03 09:41:19.203000069,3.3240029972042677,16733114368.0,112265.51924555188,167.03325557503695,2.466666666666667,17.275110320104986,0.0
2026-04-03 09:41:34.203000069,3.3174077465797422,16733114368.0,112265.51924555188,166.6000711301112,2.466666666666667,17.32642621541828,0.0
2026-04-03 09:41:49.203000069,2.956572526115385,16755273728.0,120085.88064046577,165.36424510208988,2.4166666666666665,17.655652401476765,0.0
2026-04-03 09:42:04.203000069,3.2320786963014934,16771670016.0,126589.07078266292,163.13047956094127,2.4166666666666665,17.715444601915934,0.0
2026-04-03 09:42:19.203000069,3.2320786963014934,16771670016.0,126589.07078266292,163.13048011651534,2.4166666666666665,17.68017088465223,0.0
2026-04-03 09:42:34.203000069,3.2273886980869824,16771670016.0,126589.07078266292,163.5636723392189,2.4166666666666665,17.648548250066284,0.0
2026-04-03 09:42:49.203000069,1.475977120385572,16694890496.0,,161.35192233692808,2.2333333333333334,17.33907437520406,0.0
2026-04-03 09:43:04.203000069,3.238940407848718,16614600704.0,115957.60961412074,161.0194456700031,2.2333333333333334,17.441301972412568,0.0
2026-04-03 09:43:19.203000069,3.2421529579768027,16614600704.0,115957.60961412074,160.71944566999383,2.2333333333333334,17.58927904775788,0.0
2026-04-03 09:43:34.203000069,3.2175128302376685,16614600704.0,115957.60961412074,160.7865139949017,2.2333333333333334,17.570208076074962,0.0
2026-04-03 09:43:49.203000069,2.7044405076723343,16797003776.0,77924.18947096547,165.76742335854715,2.6333333333333333,17.855638325199564,0.0
2026-04-03 09:44:04.203000069,3.3574518464318186,16822337536.0,113124.88188381148,169.11699889995407,2.6333333333333333,17.633399109214174,0.0
2026-04-03 09:44:19.203000069,3.3574518464318186,16822337536.0,113124.88188381148,169.11699778884295,2.6333333333333333,17.348936879302315,0.0
2026-04-03 09:44:34.203000069,3.331647611516373,16822337536.0,113124.88188381148,168.06681805809723,2.6333333333333333,17.45942188840916,0.0
2026-04-03 09:44:49.203000069,2.6280652423093738,16838029312.0,78403.0848042736,158.48348472476394,2.25,17.171141315035474,0.0
2026-04-03 09:45:04.203000069,3.1853282854705887,16913027072.0,129664.13236531329,153.98348472476394,2.25,17.368232389994137,0.0
2026-04-03 09:45:19.203000069,3.1853282854705887,16913027072.0,129664.13236531329,153.90015194697688,2.25,17.494734383048005,0.0
2026-04-03 09:45:34.203000069,3.1845594487823456,16913027072.0,129664.13236531329,154.64952419045713,2.25,17.428117332876628,0.0
2026-04-03 09:45:49.203000069,2.49574518335179,17169620992.0,79984.56209935002,158.3328575237905,2.216666666666667,17.60815021796056,0.0
2026-04-03 09:46:04.203000069,3.3189894732830143,17230692352.0,111705.0818388576,159.09950919095712,2.216666666666667,17.592219259942638,0.0
2026-04-03 09:46:19.203000069,3.3189894732830143,17230692352.0,111705.0818388576,159.38284252429045,2.216666666666667,17.377310066989864,0.0
2026-04-03 09:46:34.203000069,3.3110855325784,17231093760.0,111705.0818388576,158.8667100191482,2.216666666666667,17.460657901619893,0.0
2026-04-03 09:46:49.203000069,3.001566473080804,17062277120.0,119997.06600219414,158.76431621005293,2.2333333333333334,17.742022980790324,0.0
2026-04-03 09:47:04.203000069,3.3016646741978724,17030098944.0,126953.0221283916,161.26434676562704,2.2333333333333334,17.62316637466179,0.0
2026-04-03 09:47:19.203000069,3.3016646741978724,17030098944.0,126953.0221283916,161.0810006549696,2.2333333333333334,18.41377180628717,0.0
2026-04-03 09:47:34.203000069,3.271652292739884,17030098944.0,126953.0221283916,161.9646964808819,2.2333333333333334,18.27445656516556,0.0
2026-04-03 09:47:49.203000069,1.109545039806265,16940711936.0,,165.7362609289985,2.6166666666666667,18.153239571286623,0.0
2026-04-03 09:48:04.203000069,3.339112918793665,16836599808.0,115185.6042894105,166.9862453729244,2.6166666666666667,18.14787717286857,0.0
2026-04-03 09:48:19.203000069,3.339818730063669,16836599808.0,115185.6042894105,167.2029445398087,2.6166666666666667,17.503955400537734,0.0
2026-04-03 09:48:34.203000069,3.276305188804041,16836599808.0,115185.6042894105,165.58627454054022,2.6166666666666667,17.70966807772319,0.0
2026-04-03 09:48:49.203000069,2.106588020288456,16844943360.0,79038.33935676706,159.0694223121326,2.083333333333333,17.915481877537154,0.0
2026-04-03 09:49:04.203000069,3.199067304744013,16848990208.0,113083.55805314072,154.56886510848383,2.083333333333333,18.1506008164602,0.0
2026-04-03 09:49:19.203000069,3.1998075453437327,16848990208.0,113083.55805314072,154.35216177514118,2.083333333333333,18.360976806445542,0.0
2026-04-03 09:49:34.203000069,3.0881173337403003,16845717504.0,113083.55805314072,155.26756263893037,2.083333333333333,18.235452881903317,0.0
2026-04-03 09:49:49.203000069,2.55697543259983,16741462016.0,120677.09338777325,159.4961520869436,2.683333333333333,17.966566700628526,0.0
2026-04-03 09:50:04.203000069,3.282398739307808,16713666560.0,126964.80434714718,162.44727653172262,2.683333333333333,17.795999348551383,0.0
2026-04-03 09:50:19.203000069,3.282398739307808,16713666560.0,126964.80434714718,162.64731125387544,2.683333333333333,17.537703225605107,0.0
2026-04-03 09:50:34.203000069,3.166753981824827,16713666560.0,126964.80434714718,162.6817356639982,2.683333333333333,17.560446530235936,0.0
2026-04-03 09:50:49.203000069,1.1488285782136811,16675508224.0,,164.61749447203798,2.533333333333333,17.71170790683037,0.0
2026-04-03 09:51:04.203000069,3.393143340927094,16623144960.0,115058.40418064113,163.80026056424103,2.533333333333333,17.762366485188462,0.0
2026-04-03 09:51:19.203000069,3.393566260809484,16623144960.0,115058.40418064113,163.86690889700026,2.533333333333333,18.79974296689765,0.0
2026-04-03 09:51:34.203000069,3.365432234015924,16623144960.0,115058.40418064113,163.94999944446295,2.533333333333333,18.773954030446824,0.0
2026-04-03 09:51:49.203000069,2.794871712823661,16509931520.0,77491.2476497937,159.149999444463,1.9666666666666663,19.71168884688861,0.0
2026-04-03 09:52:04.203000069,3.3361532902442783,16482918400.0,112356.36356796208,158.29999944446297,1.9666666666666663,19.85557283661054,0.0
2026-04-03 09:52:19.203000069,3.3361532902442783,16482918400.0,112356.36356796208,158.08333444447223,1.9666666666666663,19.172727196967763,0.0
2026-04-03 09:52:34.203000069,3.3260296159294978,16482918400.0,112356.36356796208,158.3668258359954,1.9666666666666663,19.20442206977146,0.0
2026-04-03 09:52:49.203000069,2.7125128274794785,16411774976.0,78238.41746752066,159.3334925026621,2.3166666666666664,19.628417093962497,0.0
2026-04-03 09:53:04.203000069,3.491298827490117,16389574656.0,128931.09647423476,159.1668258359954,2.3166666666666664,19.590109035420475,0.0
2026-04-03 09:53:19.203000069,3.5054631808252377,16389574656.0,128931.0964742348,159.5168241693102,2.3166666666666664,21.302110773391465,0.0
2026-04-03 09:53:34.203000069,3.465510893767041,16389574656.0,128931.09647423476,159.26619613461918,2.3166666666666664,21.30355314359712,0.0
2026-04-03 09:53:49.203000069,2.6818515080086933,16360001536.0,78622.18317991741,161.8137573270239,2.6333333333333333,21.9690114810415,0.0
2026-04-03 09:54:04.203000069,3.623801224980365,16356286464.0,109991.22115719444,164.1470906603572,2.6333333333333333,21.70909975927236,0.0
2026-04-03 09:54:19.203000069,3.623801224980365,16356286464.0,109991.22115719444,164.03042454923684,2.6333333333333333,21.128918137383472,0.0
2026-04-03 09:54:34.203000069,3.622023597471152,16356286464.0,109991.22115719444,162.947605654664,2.6333333333333333,21.31106925647189,0.0
2026-04-03 09:54:49.203000069,2.729024420372842,16519294976.0,76397.61073201316,155.38337779559265,2.216666666666667,21.5717878985898,0.0
2026-04-03 09:55:04.203000069,3.389355682344985,16750075904.0,126490.80031080032,154.46671112892597,2.216666666666667,21.97969668388365,0.0
2026-04-03 09:55:19.203000069,3.389355682344985,16750075904.0,126490.80031080032,154.41671112892598,2.216666666666667,21.40853365447596,0.0
2026-04-03 09:55:34.203000069,3.387099004937963,16750075904.0,126490.80031080032,155.23333333333332,2.216666666666667,21.296899502328788,0.0
2026-04-03 09:55:49.203000069,2.8081644987684564,16910860288.0,82582.9016060718,157.08333333333334,2.3166666666666664,20.4921851990031,0.0
2026-04-03 09:56:04.203000069,3.445990271553829,16919154688.0,114335.22192488698,154.8995677921847,2.3166666666666664,20.435137198071622,0.0
2026-04-03 09:56:19.203000069,3.445990271553829,16919154688.0,114335.22192488698,154.71623390331433,2.3166666666666664,19.93611740372299,0.0
2026-04-03 09:56:34.203000069,3.440809791814079,16919154688.0,114335.22192488698,154.79925446929548,2.3166666666666664,19.88694723880708,0.0
2026-04-03 09:56:49.203000069,2.3813783372742834,16964603904.0,113004.09933058354,157.56592113596213,2.216666666666667,19.47220742322424,0.0
2026-04-03 09:57:04.203000069,3.3917546745892966,16998170624.0,111879.3487922404,157.5667883582779,2.216666666666667,19.57588712913435,0.0
2026-04-03 09:57:19.203000069,3.391754674589296,16998170624.0,111879.3487922404,157.66678946938902,2.216666666666667,19.87451498986156,0.0
2026-04-03 09:57:34.203000069,3.3662265446793445,16998170624.0,111879.3487922404,158.26743280331567,2.216666666666667,19.827394090872676,0.0
2026-04-03 09:57:49.203000069,1.459522239735341,16907771904.0,,163.25327399802217,2.6166666666666667,19.07614792806393,0.0
2026-04-03 09:58:04.203000069,3.4366540814983075,16830492672.0,130417.46588693956,169.50283898352168,2.6166666666666667,18.6218732856298,0.0
2026-04-03 09:58:19.203000069,3.4366540814983075,16830492672.0,130417.46588693956,169.58617176128095,2.6166666666666667,18.273234014986144,0.0
2026-04-03 09:58:34.203000069,3.305099848816774,16830492672.0,130417.46588693956,169.3521928718728,2.6166666666666667,18.27146246819792,0.0
2026-04-03 09:58:49.203000069,2.672441143796536,16942862336.0,78839.1482511549,168.24968501049966,2.6,17.969067167072637,0.0
2026-04-03 09:59:04.203000069,3.355317625885972,16942804992.0,113081.70076364664,165.41635167716632,2.6,18.06162649900685,0.0
2026-04-03 09:59:19.203000069,3.358027775438826,16942804992.0,113081.70076364664,165.26635112162927,2.6,17.287895336738654,0.0
2026-04-03 09:59:34.203000069,3.227923043571732,16942804992.0,113081.70076364664,164.64999944446296,2.6,17.409962902226646,0.0
2026-04-03 09:59:49.203000069,2.9252710137679245,16979943424.0,120778.17307939004,159.39999944446296,2.2666666666666666,17.43498171550572,0.0
2026-04-03 10:00:04.203000069,3.1899699131549726,16989339648.0,127166.60406297928,155.53331500061108,2.2666666666666666,17.624394682723384,0.0
2026-04-03 10:00:19.203000069,3.1899699131549726,16989339648.0,127166.60406297931,155.66664888948145,2.2666666666666666,17.52382060288327,0.0
2026-04-03 10:00:34.203000069,3.1886657271648664,16989339648.0,127166.60406297931,155.9005461305006,2.2666666666666666,17.46887348338986,0.0
2026-04-03 10:00:49.203000069,0.9407181586647292,16925921280.0,,156.75054613050062,2.1333333333333333,17.459734080143775,0.0
2026-04-03 10:01:04.203000069,3.25311735219861,16798171136.0,114826.60962967588,154.50057890818584,2.1333333333333333,17.628112551289348,0.0
2026-04-03 10:01:19.203000069,3.25311735219861,16798171136.0,114826.60962967588,154.61722724213027,2.1333333333333333,18.481338877560244,0.0
2026-04-03 10:01:34.203000069,3.238569370158773,16798191616.0,114826.60962967588,155.3499966677778,2.1333333333333333,18.379388546484297,0.0
2026-04-03 10:01:49.203000069,2.154272362182209,16807170048.0,77425.7507725022,162.71666333444446,2.55,18.521738768717128,0.0
2026-04-03 10:02:04.203000069,3.356214616659163,16815878144.0,112180.74910441322,170.09998166727777,2.55,18.14024616589719,0.0
2026-04-03 10:02:19.203000069,3.356214616659163,16815878144.0,112180.74910441322,169.7666816671667,2.55,17.49193439362927,0.0
2026-04-03 10:02:34.203000069,3.316927862224356,16815878144.0,112180.74910441322,169.66642278690713,2.55,17.504493144657744,0.0
2026-04-03 10:02:49.203000069,2.2307690716749238,16852148224.0,78350.30711303775,166.7472739807562,2.466666666666667,17.136588522104013,0.0
2026-04-03 10:03:04.203000069,3.3438903304400576,16928157696.0,129648.23267334446,164.1301551069409,2.466666666666667,17.204580788420763,0.0
2026-04-03 10:03:19.203000069,3.3438903304400576,16928157696.0,129648.23267334446,164.31345621812605,2.466666666666667,17.639435946795267,0.0
2026-04-03 10:03:34.203000069,3.259951283890481,16928157696.0,129648.23267334446,164.08005955357044,2.466666666666667,17.673622586157755,0.0
2026-04-03 10:03:49.203000069,2.7503440851312906,16972914688.0,80091.92831985748,163.03254169305467,2.5166666666666666,17.84182237344665,0.0
2026-04-03 10:04:04.203000069,3.3176179265766352,17011503104.0,112623.7749920363,164.75008669314823,2.5166666666666666,17.786307440734962,0.0
2026-04-03 10:04:19.203000069,3.3226096446530478,17011503104.0,112623.7749920363,164.5667833596668,2.5166666666666666,17.789652553912113,0.0
2026-04-03 10:04:34.203000069,3.313793827246412,17011503104.0,112623.7749920363,164.4674266929638,2.5166666666666666,17.817540306642172,0.0
2026-04-03 10:04:49.203000069,2.924734635638142,17062432768.0,112578.153525909,162.7698439957628,2.2,17.713948483885062,0.0
2026-04-03 10:05:04.203000069,3.2415421581879507,17068269568.0,112540.0228657343,158.40224566503954,2.2,17.896295606320866,0.0
2026-04-03 10:05:19.203000069,3.2415421581879507,17068269568.0,112540.0228657343,158.4022334424099,2.2,17.472026086195445,0.0
2026-04-03 10:05:34.203000069,3.1269279816876416,17068269568.0,112540.0228657343,158.6849156649277,2.2,17.42115764396322,0.0
2026-04-03 10:05:49.203000069,1.4172839099015877,17050136576.0,,163.81583169546204,2.7,17.119408212454555,0.0
2026-04-03 10:06:04.203000069,3.291941499214268,17045139456.0,129658.99148412808,169.11690447437064,2.7,16.84561975606282,0.0
2026-04-03 10:06:19.203000069,3.291941499214268,17045139456.0,129658.99148412808,169.20023669659284,2.7,16.70855193462614,0.0
2026-04-03 10:06:34.203000069,3.2898725145631103,17045139456.0,129658.99148412808,168.63390001892657,2.7,16.76292910443272,0.0
2026-04-03 10:06:49.203000069,1.705817160132025,16922349568.0,78736.88926932037,161.06489565240545,2.3166666666666664,17.08255959641162,0.0
2026-04-03 10:07:04.203000069,3.232838571684648,16848338944.0,112824.44473748658,158.1475406375343,2.3166666666666664,17.40923523295841,0.0
2026-04-03 10:07:19.203000069,3.233179240437177,16848338944.0,112824.44473748658,158.29754119307134,2.3166666666666664,17.475979703291095,0.0
2026-04-03 10:07:34.203000069,3.2303150075123463,16848338944.0,112824.44473748658,158.04784786996055,2.3166666666666664,17.486056151094818,0.0
2026-04-03 10:07:49.203000069,2.248617264883797,16800247808.0,77492.99976608958,160.0025723160399,2.3833333333333333,17.68024725611376,0.0
2026-04-03 10:08:04.203000069,3.251929825602939,16744214528.0,126890.43765689072,162.0857128855397,2.3833333333333333,17.487883885336466,0.0
2026-04-03 10:08:19.203000069,3.251929825602939,16744214528.0,126890.43765689072,161.86904621887302,2.3833333333333333,17.502910903247344,0.0
2026-04-03 10:08:34.203000069,3.024029445600419,16744214528.0,126890.43765689072,162.13535567192818,2.3833333333333333,17.50483030773745,0.0
2026-04-03 10:08:49.203000069,1.8189166486363533,16721584128.0,,160.49963559236997,2.183333333333333,17.5304901986268,0.0
2026-04-03 10:09:04.203000069,3.190354546528933,16749674496.0,114919.38429835928,153.18196672936884,2.183333333333333,17.910229265973186,0.0
2026-04-03 10:09:19.203000069,3.1903545465289325,16749674496.0,114919.38429835928,153.33194895218364,2.183333333333333,17.825092897172933,0.0
2026-04-03 10:09:34.203000069,3.1898769468383006,16749674496.0,114919.38429835928,153.5984156083686,2.183333333333333,17.79713526769286,0.0
2026-04-03 10:09:49.203000069,3.1003089032122064,16946020352.0,113777.30798738384,154.08174894170193,2.216666666666667,17.813870583596405,0.0
2026-04-03 10:10:04.203000069,3.205494030334008,16966643712.0,112403.52656188385,158.6516039602425,2.216666666666667,17.581068842843735,0.0
2026-04-03 10:10:19.203000069,3.2058880606623053,16966643712.0,112403.52656188385,158.68497451585367,2.216666666666667,17.674394912625743,0.0
2026-04-03 10:10:34.203000069,3.171959543473275,16966643712.0,112403.52656188385,158.18522506305766,2.216666666666667,17.70982969697274,0.0
2026-04-03 10:10:49.203000069,2.257878699289406,16960139264.0,78638.91222677595,161.38522506305767,2.4,17.45120152873438,0.0
2026-04-03 10:11:04.203000069,3.2207332637086004,16949477376.0,126692.9878001156,159.83335277842596,2.4,17.4797674605025,0.0
2026-04-03 10:11:19.203000069,3.2207332637086004,16949477376.0,126692.9878001156,159.54999944446297,2.4,17.90819207098656,0.0
2026-04-03 10:11:34.203000069,3.2060065074081656,16949477376.0,126692.9878001156,161.1003389002226,2.4,17.780680996273908,0.0
2026-04-03 10:11:49.203000069,2.748901849835086,16967180288.0,82478.00989187777,165.59776120836787,2.583333333333333,17.714268870142675,0.0
2026-04-03 10:12:04.203000069,3.4242057744506917,16963321856.0,116003.50666641664,171.24774009796045,2.583333333333333,17.478531262331927,0.0
2026-04-03 10:12:19.203000069,3.4242057744506917,16963321856.0,116003.50666641664,171.74774065349746,2.583333333333333,17.50288853167835,0.0
2026-04-03 10:12:34.203000069,3.4065139556752704,16963321856.0,116003.50666641664,171.03073453107118,2.583333333333333,17.541914422325828,0.0
2026-04-03 10:12:49.203000069,3.039542802693139,16940908544.0,114501.95469211464,168.4691445284472,2.5,17.849482567938686,0.0
2026-04-03 10:13:04.203000069,3.277666494964793,16941993984.0,113247.4188039544,165.102513972688,2.5,18.014063232281337,0.0
2026-04-03 10:13:19.203000069,3.277666494964793,16941993984.0,113247.4188039544,164.75251452826203,2.5,17.920931336292995,0.0
2026-04-03 10:13:34.203000069,3.157400233971712,16941993984.0,113247.41880395444,165.15251452826206,2.5,17.928565610056587,0.0
2026-04-03 10:13:49.203000069,0.9517541020341512,16848846848.0,,165.00001555607412,2.35,18.058805798465052,0.0
2026-04-03 10:14:04.203000069,3.302527452171267,16738750464.0,129928.67084747352,164.65000055557408,2.35,18.247222191357015,0.0
2026-04-03 10:14:19.203000069,3.3034093946973258,16738750464.0,129928.67084747352,164.58333166672222,2.35,18.252630081294896,0.0
2026-04-03 10:14:34.203000069,3.2976139453380857,16738750464.0,129928.67084747352,163.54999833338888,2.35,18.338019815941188,0.0
2026-04-03 10:14:49.203000069,2.3114674180553205,16691576832.0,78908.23567872538,161.9999983333889,2.1,17.800290874726862,0.0
2026-04-03 10:15:04.203000069,3.1740312131297306,16688451584.0,112560.56014605958,159.79999833338888,2.1,17.702331893487024,0.0
2026-04-03 10:15:19.203000069,3.1740312131297306,16688451584.0,112560.56014605958,159.88333444448148,2.1,17.28533195914737,0.0
2026-04-03 10:15:34.203000069,3.1680373125347807,16688451584.0,112560.56014605958,160.3663577881478,2.1,17.213050708905556,0.0
2026-04-03 10:15:49.203000069,2.8507726313641646,16687878144.0,116235.63365391176,154.21365843368184,2.433252224925836,17.517191946875094,0.0
2026-04-03 10:16:04.203000069,3.1840022649963347,16730673152.0,119278.90085568665,156.09659455803322,2.4332522249258357,17.43627712357815,0.0
2026-04-03 10:16:19.203000069,3.1840022649963347,16730673152.0,119278.90085568665,155.71325122499618,2.4332522249258357,17.188735820859574,0.0
2026-04-03 10:16:34.203000069,3.044057799969431,16730673152.0,119278.90085568665,154.3971845576635,2.4332522249258357,17.351672453911064,0.0
2026-04-03 10:16:49.203000069,1.786461756086097,16798945280.0,,155.61929067013256,2.550085002833428,17.541771797533606,0.0
2026-04-03 10:17:04.203000069,3.2303865249699037,16844316672.0,122710.6096286708,159.4201178934483,2.550085002833428,17.369359263842615,0.0
2026-04-03 10:17:19.203000069,3.2303865249699037,16844316672.0,122710.6096286708,159.6868056713372,2.550085002833428,18.422262875431773,0.0
2026-04-03 10:17:34.203000069,3.2082416444550668,16844316672.0,122710.6096286708,160.8365156616702,2.550085002833428,18.28361606110287,0.0
2026-04-03 10:17:49.203000069,2.596118149833323,16785117184.0,77572.45499529853,163.1504422370005,2.05,17.770095940439926,0.0
2026-04-03 10:18:04.203000069,3.31774662085093,16795668480.0,112508.7729196051,156.50001222266667,2.05,18.065842798324205,0.0
2026-04-03 10:18:19.203000069,3.31774662085093,16795668480.0,112508.7729196051,156.2500011111389,2.05,18.67336866464153,0.0
2026-04-03 10:18:34.203000069,3.31774662085093,16795668480.0,112508.7729196051,156.5505566891214,2.05,18.663471096212863,0.0
2026-04-03 10:18:49.203000069,1.8373637152411664,16899682304.0,78392.83146450401,160.3172233557881,2.2666666666666666,21.20849864249453,0.0
2026-04-03 10:19:04.203000069,3.63290376752799,17142652928.0,127595.23190157764,162.8668067030098,2.2666666666666666,21.37919331778653,0.0
2026-04-03 10:19:19.203000069,3.633597863873242,17142652928.0,127595.23190157764,163.13347114745426,2.2666666666666666,22.10531076781565,0.0
2026-04-03 10:19:34.203000069,3.628878245640336,17142652928.0,127595.23190157764,162.4993005741661,2.2666666666666666,22.22590604644745,0.0
2026-04-03 10:19:49.203000069,2.837488553208812,17001693184.0,78344.98049291904,163.38011510257073,2.5,21.920018437559847,0.0
2026-04-03 10:20:04.203000069,3.6030682843008175,17003511808.0,111115.15443478906,167.39553159818212,2.5,21.26823494696052,0.0
2026-04-03 10:20:19.203000069,3.6031211667491143,17003511808.0,111115.15443478906,167.61219937593214,2.5,22.24219380958273,0.0
2026-04-03 10:20:34.203000069,3.5805182645732803,17003511808.0,111115.15443478906,168.01248103790442,2.5,22.15268307244348,0.0
2026-04-03 10:20:49.203000069,2.7498819419684035,17026158592.0,77162.53005780882,168.25085937148413,2.466666666666667,22.360445287253384,0.0
2026-04-03 10:21:04.203000069,3.575734934494323,16944111616.0,126096.44300602382,166.32148491393863,2.466666666666667,22.778602448960395,0.0
2026-04-03 10:21:19.203000069,3.575734934494323,16944111616.0,126096.44300602382,166.2381515806053,2.466666666666667,20.37304061814904,0.0
2026-04-03 10:21:34.203000069,3.4097734609231733,16944111616.0,126096.44300602382,165.73783825771605,2.466666666666667,20.455233385630397,0.0
2026-04-03 10:21:49.203000069,2.5568397692104425,16939225088.0,82695.76350149477,159.81864539573178,2.05,18.990237875820835,0.0
2026-04-03 10:22:04.203000069,3.312975797541308,16937873408.0,115609.90284005976,154.8322858784841,2.05,19.166029508932567,0.0
2026-04-03 10:22:19.203000069,3.312975797541308,16937873408.0,115609.90284005976,154.59894198998407,2.05,19.67610128020636,0.0
2026-04-03 10:22:34.203000069,3.305767370755767,16937873408.0,115609.90284005976,155.23258864620664,2.05,19.5628697909828,0.0
2026-04-03 10:22:49.203000069,2.975345721384393,16930070528.0,113305.638384386,160.69674150777792,2.466666666666667,20.6844853773784,0.0
2026-04-03 10:23:04.203000069,3.462475702980318,16924499968.0,111394.46441854698,164.16472677033116,2.466666666666667,20.42011726336557,0.0
2026-04-03 10:23:19.203000069,3.4628252982873216,16924499968.0,111394.46441854698,164.4147545482849,2.466666666666667,20.286890310592128,0.0
2026-04-03 10:23:34.203000069,3.435055518673335,16924499968.0,111394.46441854698,164.3486973522213,2.466666666666667,20.30595813610604,0.0
2026-04-03 10:23:49.203000069,1.7216207296068344,16846086144.0,,162.50366735030093,2.4833333333333334,19.608696834433843,0.0
2026-04-03 10:24:04.203000069,3.528674329487893,16810205184.0,128407.21903705072,163.9864162197077,2.4833333333333334,19.551867848163035,0.0
2026-04-03 10:24:19.203000069,3.528674329487893,16810205184.0,128407.21903705072,163.96973177470767,2.4833333333333334,20.5526517528688,0.0
2026-04-03 10:24:34.203000069,3.5033141603210325,16810205184.0,128407.21903705072,163.55192038121933,2.4833333333333334,20.60829518800737,0.0
2026-04-03 10:24:49.203000069,2.879830850217355,16727965696.0,77175.96699186688,157.0661308549018,2.2333333333333334,23.618317567543336,0.0
2026-04-03 10:25:04.203000069,3.580178985736905,16724193280.0,111649.66049843308,155.5661308549018,2.2333333333333334,23.792190477596836,0.0
2026-04-03 10:25:19.203000069,3.587377167041732,16724193280.0,111649.66049843308,155.6494464110592,2.2333333333333334,22.024397845544847,0.0
2026-04-03 10:25:34.203000069,3.5623833960405467,16724193280.0,111649.66049843308,155.6002350090558,2.2333333333333334,21.989328043028888,0.0
2026-04-03 10:25:49.203000069,1.9618549255777544,16723660800.0,78404.11325734964,160.2640589927008,2.3499216692776908,19.40847022199166,0.0
2026-04-03 10:26:04.203000069,3.3775161385915813,16727932928.0,126373.45669413776,157.26352567714466,2.3499216692776903,19.70006810587595,0.0
2026-04-03 10:26:19.203000069,3.3775161385915813,16727932928.0,126373.45669413776,156.98021206547338,2.3499216692776903,19.438686410796336,0.0
2026-04-03 10:26:34.203000069,3.369072896230973,16727932928.0,126373.45669413776,157.51345622643146,2.3499216692776903,19.427009311418324,0.0
2026-04-03 10:26:49.203000069,2.111716690504432,16605601792.0,80954.54217991549,161.03592567478978,2.366745558185273,19.28224412045991,0.0
2026-04-03 10:27:04.203000069,3.4353205046628914,16600932352.0,113864.78654879016,164.05369512043916,2.366745558185273,18.91137991787555,0.0
2026-04-03 10:27:19.203000069,3.4353205046628914,16600932352.0,113864.78654879016,164.28704067660584,2.366745558185273,19.67327149179612,0.0
2026-04-03 10:27:34.203000069,3.4068052742825827,16600932352.0,113864.78654879016,164.88644179669805,2.366745558185273,19.6259749230754,0.0
2026-04-03 10:27:49.203000069,2.805036722631955,16615944192.0,78799.65109447962,166.90014836469476,2.4,19.72315812656229,0.0
2026-04-03 10:28:04.203000069,3.4724201344454726,16650096640.0,112427.0998415214,168.44957890126818,2.4,19.68627524500744,0.0
2026-04-03 10:28:19.203000069,3.4724201344454726,16650096640.0,112427.0998415214,168.2828997339765,2.4,19.09607642374553,0.0
2026-04-03 10:28:34.203000069,3.4657379709541174,16650096640.0,112427.0998415214,167.28333444448148,2.4,19.200687996939383,0.0
2026-04-03 10:28:49.203000069,2.86722254834672,16689057792.0,95547.9404287883,163.3333344444815,2.6166666666666667,20.599659199315667,0.0
2026-04-03 10:29:04.203000069,3.6105392875540354,16695009280.0,132428.8130867181,164.86665166724072,2.6166666666666667,20.5550321132766,0.0
2026-04-03 10:29:19.203000069,3.6105392875540354,16695009280.0,132428.8130867181,164.99996888996293,2.6166666666666667,21.710289536909823,0.0
2026-04-03 10:29:34.203000069,3.5948982330782893,16695009280.0,132428.8130867181,165.86689945431507,2.6166666666666667,21.565982784722543,0.0
2026-04-03 10:29:49.203000069,2.8193929780456446,16726253568.0,121226.66135552707,167.45023278764842,2.333333333333333,20.6446949209159,0.0
2026-04-03 10:30:04.203000069,3.52549042686418,16754892800.0,111839.47597981182,164.95026556544474,2.333333333333333,20.798490108309792,0.0
2026-04-03 10:30:19.203000069,3.52549042686418,16754892800.0,111839.47597981182,165.03363056550037,2.333333333333333,20.217559189687652,0.0
2026-04-03 10:30:34.203000069,3.520967914575444,16754892800.0,111839.47597981182,164.2161305756846,2.333333333333333,20.29912676624416,0.0
2026-04-03 10:30:49.203000069,1.006133134141212,16892801024.0,,161.39946390901792,2.283333333333333,20.6220999795102,0.0
2026-04-03 10:31:04.203000069,3.508944372075397,17026170880.0,128563.4969704464,158.51611390846233,2.283333333333333,20.975497627410665,0.0
2026-04-03 10:31:19.203000069,3.508944372075397,17026170880.0,128563.4969704464,158.3327644634438,2.283333333333333,20.395695236718907,0.0
2026-04-03 10:31:34.203000069,3.490679630072984,17026146304.0,128563.4969704464,158.51724279698212,2.283333333333333,20.385114132734195,0.0
2026-04-03 10:31:49.203000069,2.6431357594202343,16999747584.0,77912.98602776484,160.66724279698212,2.2,19.17240562469558,0.0
2026-04-03 10:32:04.203000069,3.399150294752297,16989605888.0,111591.88054129724,161.2334744781483,2.2,18.88101193652269,0.0
2026-04-03 10:32:19.203000069,3.3994692596714216,16989605888.0,111591.88054129724,161.5501394781668,2.2,19.063572585329467,0.0
2026-04-03 10:32:34.203000069,3.3904555832892544,16989605888.0,111591.88054129724,161.96564114529514,2.2,18.9961774219214,0.0
2026-04-03 10:32:49.203000069,2.750077003475025,16991551488.0,77525.20424288379,163.11564114529517,2.216666666666667,18.99530738358572,0.0
2026-04-03 10:33:04.203000069,3.373178812766388,17009348608.0,126263.51003602675,163.39985725683317,2.216666666666667,18.988260869003938,0.0
2026-04-03 10:33:19.203000069,3.3746804616080963,17009348608.0,126263.51003602675,163.23319281238872,2.216666666666667,19.051399383107192,0.0
2026-04-03 10:33:34.203000069,3.34930661730935,17009348608.0,126263.51003602675,163.101033923353,2.216666666666667,19.100938575248115,0.0
2026-04-03 10:33:49.203000069,2.742318065354798,16969494528.0,82727.20699624451,163.25103392335302,2.45,19.956656424718616,0.0
2026-04-03 10:34:04.203000069,3.451883323356261,16958836736.0,114993.39549339548,163.68391946398214,2.45,20.087827926269743,0.0
2026-04-03 10:34:19.203000069,3.451883323356261,16958836736.0,114993.39549339548,163.83391779729695,2.45,20.21077178936756,0.0
2026-04-03 10:34:34.203000069,3.441308573221953,16958836736.0,114993.39549339548,163.0830838972034,2.45,20.29600546794626,0.0
2026-04-03 10:34:49.203000069,2.6589536719559264,17035571200.0,112988.0423699534,154.7808117507194,2.2666666666666666,20.78537602948616,0.0
2026-04-03 10:35:04.203000069,3.355484382302466,17025843200.0,111310.45422889422,152.68026732442252,2.2666666666666666,20.67325335350199,0.0
2026-04-03 10:35:19.203000069,3.355484382302466,17025843200.0,111310.45422889422,152.4802362143484,2.2666666666666666,20.435344207231985,0.0
2026-04-03 10:35:34.203000069,3.336758601480321,17025400832.0,111310.45422889425,153.03048509494127,2.2666666666666666,20.36238511681195,0.0
2026-04-03 10:35:49.203000069,1.5219937565480124,16990900224.0,,158.15185176679836,2.15,19.857685596341952,0.0
2026-04-03 10:36:04.203000069,3.4752855887666945,16963264512.0,128588.66191411384,158.71963454548478,2.15,20.01941518511711,0.0
2026-04-03 10:36:19.203000069,3.475285588766695,16963264512.0,128588.66191411384,158.76969954554042,2.15,20.567357379613394,0.0
2026-04-03 10:36:34.203000069,3.4533645103682438,16963264512.0,128588.66191411384,158.53630012011442,2.15,20.61311563109504,0.0
2026-04-03 10:36:49.203000069,2.94867504947891,16955596800.0,77171.40048493796,157.0648328960535,2.4833333333333334,20.7285061190247,0.0
2026-04-03 10:37:04.203000069,3.4958502102355347,16947601408.0,111948.06772312752,162.58114788066405,2.4833333333333334,20.299549928324463,0.0
2026-04-03 10:37:19.203000069,3.4991183863899717,16947601408.0,111948.06772312752,162.53112343526587,2.4833333333333334,20.28046298909355,0.0
2026-04-03 10:37:34.203000069,3.487291486018867,16947601408.0,111948.06772312752,162.03093842461752,2.4833333333333334,20.33686160468529,0.0
2026-04-03 10:37:49.203000069,2.392285290261754,16898838528.0,78645.38337662579,163.10237453653022,2.583333333333333,20.31108561520758,0.0
2026-04-03 10:38:04.203000069,3.466672420656165,16916652032.0,125890.86490837048,159.58526453681714,2.583333333333333,20.62964151769448,0.0
2026-04-03 10:38:19.203000069,3.4671620355032973,16916652032.0,125890.86490837048,159.36857064868747,2.583333333333333,20.385864890812925,0.0
2026-04-03 10:38:34.203000069,3.456099909074778,16916652032.0,125890.86490837048,159.91907731550285,2.583333333333333,20.293777106461206,0.0
2026-04-03 10:38:49.203000069,2.196765646794604,16936902656.0,81065.95313237945,159.91668056894463,2.2333333333333334,20.140174059506197,0.0
2026-04-03 10:39:04.203000069,3.4099702490806605,16961126400.0,114801.93748721668,159.65023723165766,2.2333333333333334,20.02806632693036,0.0
2026-04-03 10:39:19.203000069,3.4099702490806605,16961126400.0,114801.93748721668,160.01694000914844,2.2333333333333334,18.76707068309809,0.0
2026-04-03 10:39:34.203000069,3.3786316605421853,16961126400.0,114801.93748721668,159.7000177784074,2.2333333333333334,18.83700717905323,0.0
2026-04-03 10:39:49.203000069,2.347280957416424,16965271552.0,79237.73227789556,158.7833511117408,2.716666666666667,18.48015992551048,0.0
2026-04-03 10:40:04.203000069,3.4437967608143465,16955490304.0,110913.76596926496,162.86677028013432,2.716666666666667,18.19350622557664,0.0
2026-04-03 10:40:19.203000069,3.4437967608143465,16955490304.0,110913.76596926496,162.73341805731948,2.716666666666667,19.09242977365237,0.0
2026-04-03 10:40:34.203000069,3.3225542962987062,16955490304.0,110913.76596926496,162.86650528774513,2.716666666666667,19.05009095945566,0.0
2026-04-03 10:40:49.203000069,2.4530451985452744,16924823552.0,94928.4533203234,164.41650528774514,2.3166666666666664,18.960012765814284,0.0
2026-04-03 10:41:04.203000069,3.2859299008540668,16893411328.0,132219.23613047114,159.4826103008835,2.3166666666666664,19.349014030961403,0.0
2026-04-03 10:41:19.203000069,3.2859299008540668,16893411328.0,132219.23613047114,159.43261252310572,2.3166666666666664,19.864300585761256,0.0
2026-04-03 10:41:34.203000069,3.278979162654576,16893411328.0,132219.23613047114,159.9828586260134,2.3166666666666664,19.797452239266924,0.0
2026-04-03 10:41:49.203000069,3.075816382019092,17061875712.0,121025.70944515037,161.9803653757884,2.4166666666666665,20.18330712675885,0.0
2026-04-03 10:42:04.203000069,3.4453526240931978,17085702144.0,111651.1635146704,164.66463343158105,2.4166666666666665,20.010280769351308,0.0
2026-04-03 10:42:19.203000069,3.4453526240931978,17085702144.0,111651.1635146704,165.01463287600697,2.4166666666666665,19.075945427214755,0.0
2026-04-03 10:42:34.203000069,3.433769514339526,17085702144.0,111651.1635146704,164.44827899754438,2.4166666666666665,19.149882910036787,0.0
2026-04-03 10:42:49.203000069,1.5380246263193638,17084776448.0,,161.33648899388314,2.533333333333333,18.78247519022356,0.0
2026-04-03 10:43:04.203000069,3.3168232946985907,16959459328.0,129502.94923598532,159.90268759004468,2.533333333333333,18.936724838244,0.0
2026-04-03 10:43:19.203000069,3.3168232946985907,16959459328.0,129502.94923598532,159.80268703447058,2.533333333333333,18.83004523717715,0.0
2026-04-03 10:43:34.203000069,3.312671645950089,16959459328.0,129502.94923598532,160.20237424626654,2.533333333333333,18.781343843424416,0.0
2026-04-03 10:43:49.203000069,2.128606513376049,16887627776.0,78275.70576715187,160.1166575001528,2.2666666666666666,17.983440787008732,0.0
2026-04-03 10:44:04.203000069,3.2770190670272985,16874381312.0,112995.43706161852,157.71665333377777,2.2666666666666666,17.941230241550763,0.0
2026-04-03 10:44:19.203000069,3.2770190670272985,16874381312.0,112995.43706161852,157.3999886116435,2.2666666666666666,17.608851294514345,0.0
2026-04-03 10:44:34.203000069,3.2602903725458026,16874450944.0,112995.43706161852,156.9005164105519,2.2666666666666666,17.652896619187,0.0
2026-04-03 10:44:49.203000069,2.723788529918612,16874106880.0,78102.44609699072,160.3850997647189,2.3666666666666667,18.715685203795594,0.0
2026-04-03 10:45:04.203000069,3.4161341716312585,16917229568.0,111775.33341642776,162.05165699162615,2.3666666666666667,18.754303785022252,0.0
2026-04-03 10:45:19.203000069,3.421941290755981,16917229568.0,111775.33341642776,162.0349864360706,2.3666666666666667,20.4594776868126,0.0
2026-04-03 10:45:34.203000069,3.4135403288197934,16917229568.0,111775.33341642776,162.60057810355937,2.3666666666666667,20.426315202128983,0.0
2026-04-03 10:45:49.203000069,2.697167148836706,16843255808.0,94907.66649233236,160.11477921409573,2.1333333333333333,21.68747604802388,0.0
2026-04-03 10:46:04.203000069,3.643991831766984,16828563456.0,131637.94374608324,160.83167421337376,2.1333333333333333,21.616233106653752,0.0
2026-04-03 10:46:19.203000069,3.643991831766984,16828563456.0,131637.94374608324,160.68167560219322,2.1333333333333333,22.24324236359408,0.0
2026-04-03 10:46:34.203000069,3.6040533726252137,16828563456.0,131637.94374608324,159.8152511459624,2.1333333333333333,22.41582889864053,0.0
2026-04-03 10:46:49.203000069,2.9952498665194045,17124352000.0,120850.06410040146,156.5141456475157,2.283333333333333,22.821903268799403,0.0
2026-04-03 10:47:04.203000069,3.5479007655857213,17160966144.0,111749.05924428548,157.53071842127486,2.283333333333333,22.60783903487216,0.0
2026-04-03 10:47:19.203000069,3.5480997291329825,17160966144.0,111749.05924428548,157.64738619905265,2.283333333333333,22.09309540377032,0.0
2026-04-03 10:47:34.203000069,3.4084746259670458,17160966144.0,111749.05924428548,157.54794230836808,2.283333333333333,22.08090596573849,0.0
2026-04-03 10:47:49.203000069,1.6970181545784135,17115521024.0,,155.7191973065769,2.083333333333333,23.237926716693053,0.0
2026-04-03 10:48:04.203000069,3.5801109166894363,17109843968.0,127870.48890935603,151.61918563952133,2.083333333333333,23.791381343175598,0.0
2026-04-03 10:48:19.203000069,3.5801109166894363,17109843968.0,127870.48890935603,151.78585119507687,2.083333333333333,24.111970953782453,0.0
2026-04-03 10:48:34.203000069,3.431577028516876,17109843968.0,127870.48890935603,152.2853461951689,2.083333333333333,24.069887969902663,0.0
2026-04-03 10:48:49.203000069,2.8427167618847293,16967954432.0,76834.53356475005,156.99974556403677,2.2,21.51528041707769,0.0
2026-04-03 10:49:04.203000069,3.438390466222272,16964231168.0,111784.3883509636,159.8330788973701,2.2,20.96021673579481,0.0
2026-04-03 10:49:19.203000069,3.438390466222272,16964231168.0,111784.3883509636,159.68307945290712,2.2,20.060448791933013,0.0
2026-04-03 10:49:34.203000069,3.420714776372867,16964231168.0,111784.3883509636,159.5836522328522,2.2,19.94970069914099,0.0
2026-04-03 10:49:49.203000069,1.818908486115964,16956411904.0,78920.24394406509,157.36484398148852,2.1833697228287137,20.01855354277389,0.0
2026-04-03 10:50:04.203000069,3.381926557841678,16984776704.0,125271.77684230004,156.54909427454896,2.1833697228287137,20.293726447507265,0.0
2026-04-03 10:50:19.203000069,3.382685558384261,16984776704.0,125271.77684230004,156.81579733162775,2.1833697228287137,19.698480292434027,0.0
2026-04-03 10:50:34.203000069,3.375710767658928,16984776704.0,125271.77684230004,156.16572510699802,2.1833697228287137,19.84760176256428,0.0
2026-04-03 10:50:49.203000069,2.116127702031053,16695443456.0,80995.6587586166,153.36722839027678,2.2165558388747235,19.676621564909297,0.0
2026-04-03 10:51:04.203000069,3.262089324142452,16668184576.0,115849.44785046027,153.31528006446104,2.216555838874722,19.63647868932153,0.0
2026-04-03 10:51:19.203000069,3.262089324142452,16668184576.0,115849.44785046027,152.83187923188208,2.216555838874722,19.69793398900693,0.0
2026-04-03 10:51:34.203000069,3.240768485888846,16668184576.0,115849.44785046027,153.08108368639972,2.216555838874722,19.67266424779234,0.0
2026-04-03 10:51:49.203000069,2.776665871463523,16776753152.0,79913.4318332802,157.26787819302484,2.416747224907497,19.826985832617385,0.0
2026-04-03 10:52:04.203000069,3.447305480524026,16910651392.0,111531.25776783496,159.31849179526114,2.416747224907497,19.68223038776056,0.0
2026-04-03 10:52:19.203000069,3.447305480524026,16910651392.0,111531.25776783496,159.68520457126135,2.416747224907497,21.084427175939744,0.0
2026-04-03 10:52:34.203000069,3.4417989690279898,16910651392.0,111531.25776783496,160.3194117860216,2.416747224907497,20.9598293243833,0.0
2026-04-03 10:52:49.203000069,2.3955029216385237,16951156736.0,94854.25160562828,165.83325558081475,2.4833333333333334,22.75952558566185,0.0
2026-04-03 10:53:04.203000069,3.739185456289159,16974458880.0,131255.8832181203,169.70093169772326,2.4833333333333334,22.829058559835524,0.0
2026-04-03 10:53:19.203000069,3.739185456289159,16974458880.0,131255.8832181203,169.98420836527876,2.4833333333333334,24.936688243784825,0.0
2026-04-03 10:53:34.203000069,3.6072913685828,16974458880.0,131255.8832181203,171.11721668777838,2.4833333333333334,24.81529443234047,0.0
2026-04-03 10:53:49.203000069,2.3323521246843417,17003560960.0,120720.89341059155,169.68388335444507,2.4166666666666665,24.006256238002752,0.0
2026-04-03 10:54:04.203000069,3.614572861793998,17040457728.0,111815.33631729455,163.3832916680555,2.4166666666666665,24.05731584665855,0.0
2026-04-03 10:54:19.203000069,3.614572861793998,17040457728.0,111815.33631729455,162.9333611120278,2.4166666666666665,21.007779834861346,0.0
2026-04-03 10:54:34.203000069,3.611058168925697,17040457728.0,111815.33631729455,161.1502755647318,2.4166666666666665,21.18203113211358,0.0
2026-04-03 10:54:49.203000069,2.668311267962435,17069514752.0,130289.05096180143,154.18360889806513,2.25,21.007616211926987,0.0
2026-04-03 10:55:04.203000069,3.572067425197618,17069735936.0,130289.05096180143,156.9663928052682,2.25,20.92739803397738,0.0
2026-04-03 10:55:19.203000069,3.577695503470808,17069735936.0,130289.05096180143,157.03301669373113,2.25,22.834835834647244,0.0
2026-04-03 10:55:34.203000069,3.554038641717746,17069735936.0,130289.05096180143,157.93276890769383,2.25,22.64676761507331,0.0
2026-04-03 10:55:49.203000069,3.4258736974657387,16923402240.0,110956.70915411356,166.48276890769384,2.716666666666667,22.050085529309,0.0
2026-04-03 10:56:04.203000069,3.5490380608340475,16922009600.0,110956.70915411356,168.9813567770412,2.716666666666667,21.70656050015831,0.0
2026-04-03 10:56:19.203000069,3.5490380608340475,16922009600.0,110956.70915411356,169.1980551104764,2.716666666666667,20.54481487148125,0.0
2026-04-03 10:56:34.203000069,3.4043212149237707,16922005504.0,110956.70915411356,168.81440123227233,2.716666666666667,20.595613687550237,0.0
2026-04-03 10:56:49.203000069,1.490645922845839,16912052224.0,,166.54525575934366,2.6333333333333333,19.73181453842917,0.0
2026-04-03 10:57:04.203000069,3.424808430292111,16884183040.0,125985.47335491164,165.18306715705353,2.6333333333333333,19.798247017252542,0.0
2026-04-03 10:57:19.203000069,3.424863186927763,16884183040.0,125985.47335491164,165.0997171564609,2.6333333333333333,19.594293333160685,0.0
2026-04-03 10:57:34.203000069,3.4167034058713392,16884760576.0,125985.47335491164,165.71670436799832,2.6333333333333333,19.555866846395475,0.0
2026-04-03 10:57:49.203000069,2.075781957209036,16842887168.0,80961.91780412101,166.5550121463372,2.683333333333333,19.81933008413948,0.0
2026-04-03 10:58:04.203000069,3.590357553952624,16841932800.0,116508.73190980144,169.60249563874353,2.683333333333333,19.644023936116543,0.0
2026-04-03 10:58:19.203000069,3.590357553952624,16841932800.0,116508.73190980144,169.46916369435002,2.683333333333333,20.016142052133816,0.0
2026-04-03 10:58:34.203000069,3.5641188479072543,16841932800.0,116508.73190980144,168.88614037135036,2.683333333333333,20.069002736799057,0.0
2026-04-03 10:58:49.203000069,2.3385170494419185,16842711040.0,81144.44815077969,163.83321419140267,2.183260557981401,20.410224701632732,0.0
2026-04-03 10:59:04.203000069,3.4394920195520973,16847831040.0,111653.16561975249,157.46652335927757,2.1832605579814004,20.84243440881633,0.0
2026-04-03 10:59:19.203000069,3.4394920195520973,16847831040.0,111653.16561975249,157.73318613712942,2.1832605579814004,20.755085716742983,0.0
2026-04-03 10:59:34.203000069,3.419198808204734,16847835136.0,111653.16561975246,158.11620946012908,2.1832605579814004,20.70745182778112,0.0
2026-04-03 10:59:49.203000069,2.5006830619278944,17036181504.0,93854.37081554891,160.15041223818562,2.316743891463049,20.65578099522551,0.0
2026-04-03 11:00:04.203000069,3.4756082647153805,17072119808.0,130741.43142391328,162.6344750285101,2.316743891463049,20.623413195687966,0.0
2026-04-03 11:00:19.203000069,3.475604609884258,17072119808.0,130741.43142391322,162.5511633620657,2.316743891463049,20.14257636026595,0.0
2026-04-03 11:00:34.203000069,3.344543705342836,17072119808.0,130741.43142391322,161.76727671384282,2.316743891463049,20.244362868878987,0.0
2026-04-03 11:00:49.203000069,2.73547813762013,17358643200.0,90467.07822974103,161.10017114365718,2.6333333333333333,20.651260447772486,0.0
2026-04-03 11:01:04.203000069,3.641937078827009,17687818240.0,111519.2755739182,162.1820928083418,2.6333333333333333,20.39042316103115,0.0
2026-04-03 11:01:19.203000069,3.641937078827009,17687818240.0,111519.27557391816,162.3987191972353,2.6333333333333333,21.41064932062023,0.0
2026-04-03 11:01:34.203000069,3.620548987781561,17687818240.0,111519.27557391816,163.23318697594024,2.6333333333333333,21.277062257333263,0.0
2026-04-03 11:01:49.203000069,2.656166138613095,17626079232.0,95410.6358786688,165.89985364260693,2.6166666666666667,20.84373735187088,0.0
2026-04-03 11:02:04.203000069,3.4639585663645387,17626587136.0,131628.86712048258,165.49999781624075,2.6166666666666667,20.836861967761745,0.0
2026-04-03 11:02:19.203000069,3.4639585663645387,17626587136.0,131628.86712048258,165.16668559366667,2.6166666666666667,20.467483515350253,0.0
2026-04-03 11:02:34.203000069,3.406488557815209,17626685440.0,131628.86712048258,165.19911836272124,2.6166666666666667,20.471118552705725,0.0
2026-04-03 11:02:49.203000069,2.170254960215913,17403453440.0,120981.74985220844,163.86578502938792,2.45,19.82485012617625,0.0
2026-04-03 11:03:04.203000069,3.4016837691180672,17351602176.0,111992.32123109512,164.16692114088917,2.45,19.93656953432766,0.0
2026-04-03 11:03:19.203000069,3.4016837691180672,17351602176.0,111992.32123109512,164.13358780755584,2.45,18.420555457768156,0.0
2026-04-03 11:03:34.203000069,3.392057846905021,17351241728.0,111992.32123109512,163.06754280698246,2.45,18.503350185630847,0.0
2026-04-03 11:03:49.203000069,1.327210740358574,17281536000.0,,159.06479067649792,2.333255558148062,18.045044764361187,0.0
2026-04-03 11:04:04.203000069,3.201009600698543,17213513728.0,126806.57600974225,154.8925109216624,2.3332555581480614,18.18749283235353,0.0
2026-04-03 11:04:19.203000069,3.201009600698543,17213513728.0,126806.57600974225,154.92581314492162,2.3332555581480614,18.84089157661549,0.0
2026-04-03 11:04:34.203000069,3.1738097564723566,17213513728.0,126806.57600974225,155.77526592079138,2.3332555581480614,18.836260869828344,0.0
2026-04-03 11:04:49.203000069,2.6310219187617405,17310126080.0,80154.08341160798,162.6476659284274,2.466748891629721,20.164409559209115,0.0
2026-04-03 11:05:04.203000069,3.625402797827857,17342988288.0,113740.79121850595,163.57443842894432,2.466748891629721,20.516678336259204,0.0
2026-04-03 11:05:19.203000069,3.642327440506378,17342988288.0,113740.79121850595,163.65782120628697,2.466748891629721,21.909178708549558,0.0
2026-04-03 11:05:34.203000069,3.600798424436049,17342988288.0,113740.79121850595,163.15843371649652,2.466748891629721,21.95304575728372,0.0
2026-04-03 11:05:49.203000069,1.8662718268110587,17341464576.0,79644.14553097835,155.78878583934505,2.2666666666666666,22.43265362971518,0.0
2026-04-03 11:06:04.203000069,3.5158816386936307,17349001216.0,110421.06313720674,155.95038585231111,2.2666666666666666,21.97826413661843,0.0
2026-04-03 11:06:19.203000069,3.516130580051894,17349001216.0,110421.06313720674,155.76704807442223,2.2666666666666666,20.320926247806675,0.0
2026-04-03 11:06:34.203000069,3.51236780861098,17349001216.0,110421.06313720674,154.9996447411704,2.2666666666666666,20.376586886562617,0.0
2026-04-03 11:06:49.203000069,2.6908636131026773,17227579392.0,93798.58836287966,154.2996447411704,2.033333333333333,19.76643618163392,0.0
2026-04-03 11:07:04.203000069,3.354935883650898,17194504192.0,132665.7976573993,154.36631140783706,2.033333333333333,20.009225838732565,0.0
2026-04-03 11:07:19.203000069,3.354969048888732,17194504192.0,132665.7976573993,154.56629696292038,2.033333333333333,21.135533682135986,0.0
2026-04-03 11:07:34.203000069,3.203423206235706,17194504192.0,132665.7976573993,155.66692389750028,2.033333333333333,20.974548232122046,0.0
2026-04-03 11:07:49.203000069,2.60670916957095,17226137600.0,91272.41046582,158.7478756435532,2.3166666666666664,21.04000548845793,0.0
2026-04-03 11:08:04.203000069,3.3687231709755983,17318670336.0,111131.60623365369,158.14785953297908,2.3166666666666664,20.87013861850309,0.0
2026-04-03 11:08:19.203000069,3.3691311483411144,17318670336.0,111131.60623365369,157.79786008851613,2.3166666666666664,20.153808208103,0.0
2026-04-03 11:08:34.203000069,3.346910311011395,17318670336.0,111131.60623365369,157.74735342155262,2.3166666666666664,20.258626236953827,0.0
2026-04-03 11:08:49.203000069,2.4948057073603214,17375309824.0,92916.33349728191,159.6521573117987,2.5,20.539367248431116,0.0
2026-04-03 11:09:04.203000069,3.5853454966402687,17394585600.0,128580.1930401982,162.4855200894839,2.5,20.678712696867457,0.0
2026-04-03 11:09:19.203000069,3.586821149575334,17394585600.0,128580.1930401982,162.86885397839134,2.5,21.996780898775853,0.0
2026-04-03 11:09:34.203000069,3.580248529649679,17394589696.0,128580.1930401982,162.88602620087337,2.5,21.897550778713025,0.0
2026-04-03 11:09:49.203000069,3.2945022451425734,17463836672.0,120906.75222179126,160.69724900943123,2.2832191723747144,23.221435644461835,0.0
2026-04-03 11:10:04.203000069,3.6328774189597257,17518788608.0,114474.31644863288,158.56217406659593,2.2832191723747144,23.095171297420052,0.0
2026-04-03 11:10:19.203000069,3.6400783068079754,17518788608.0,114474.31644863288,158.59548851163296,2.2832191723747144,24.510094581566307,0.0
2026-04-03 11:10:34.203000069,3.5811760743003047,17518788608.0,114474.31644863288,158.37800407733576,2.2832191723747144,24.558060778448397,0.0
2026-04-03 11:10:49.203000069,2.224732635121337,17561899008.0,,158.86504733356395,2.666800006667,25.90511878093991,0.0
2026-04-03 11:11:04.203000069,3.80852997875386,17571172352.0,124622.1016658238,162.90148898991927,2.666800006667,25.53044267717638,0.0
2026-04-03 11:11:19.203000069,3.80852997875386,17571172352.0,124622.1016658238,162.901525656586,2.666800006667,26.97269564462827,0.0
2026-04-03 11:11:34.203000069,3.640164529298511,17571172352.0,124622.1016658238,164.33602899151322,2.666800006667,26.83871964725805,0.0
2026-04-03 11:11:49.203000069,2.258337024629677,17486684160.0,79216.32118000755,172.20462459989403,2.466666666666667,25.29212788784592,0.0
2026-04-03 11:12:04.203000069,3.767593795470162,17463418880.0,114872.16146461928,171.52039706930512,2.466666666666667,25.241816202382694,0.0
2026-04-03 11:12:19.203000069,3.781347193368509,17463418880.0,114872.16146461928,171.637055402194,2.466666666666667,24.668726463796716,0.0
2026-04-03 11:12:34.203000069,3.756698089459435,17463418880.0,114872.16146461928,171.08612428152628,2.466666666666667,24.791769164086958,0.0
2026-04-03 11:12:49.203000069,2.2407116447831523,17372753920.0,81330.92621896876,167.23350697206044,2.466666666666667,26.417702788942645,0.0
2026-04-03 11:13:04.203000069,3.836604836963965,17352507392.0,125832.93328409648,166.5809378925963,2.466666666666667,26.767753747793755,0.0
2026-04-03 11:13:19.203000069,3.836604836963965,17352507392.0,125832.93328409648,166.2142545592074,2.466666666666667,24.574836449064595,0.0
2026-04-03 11:13:34.203000069,3.67590297251386,17352507392.0,125832.93328409648,165.69791010402258,2.466666666666667,24.57339179928132,0.0
2026-04-03 11:13:49.203000069,2.889116864781723,17407909888.0,80232.07159632709,163.6979101040226,2.45,21.876141450404724,0.0
2026-04-03 11:14:04.203000069,3.5767245925512943,17407602688.0,114813.3846697543,163.80210843919974,2.45,21.5789180055749,0.0
2026-04-03 11:14:19.203000069,3.5767245925512943,17407602688.0,114813.3846697543,163.85211455021826,2.45,21.296153134628685,0.0
2026-04-03 11:14:34.203000069,3.548877225483437,17407602688.0,114813.3846697543,163.93544788355155,2.45,21.328961844311365,0.0
2026-04-03 11:14:49.203000069,2.5934493558199727,17262776320.0,80053.15407188339,162.91878121688492,2.25,20.80874179786385,0.0
2026-04-03 11:15:04.203000069,3.483390682800069,17107390464.0,112042.28329809726,159.66666611112962,2.25,21.138296416641825,0.0
2026-04-03 11:15:19.203000069,3.483390682800069,17107390464.0,112042.28329809726,159.61666666666667,2.25,20.86672325976233,0.0
2026-04-03 11:15:34.203000069,3.47015248788822,17107390464.0,112042.28329809726,159.5000555746297,2.25,20.897625150435573,0.0
2026-04-03 11:15:49.203000069,2.7709201539018435,17282076672.0,93678.55739951725,159.76672224129638,2.45,21.69382667404647,0.0
2026-04-03 11:16:04.203000069,3.5675189306899,17291808768.0,130370.14958124564,161.91614670492535,2.45,21.64206071450909,0.0
2026-04-03 11:16:19.203000069,3.5675189306899,17291808768.0,130370.14958124564,162.04946448325865,2.45,20.91634902723336,0.0
2026-04-03 11:16:34.203000069,3.5571501584836795,17291808768.0,130370.14958124564,161.7157622524064,2.45,20.970823139527784,0.0
2026-04-03 11:16:49.203000069,2.323109719223354,17285160960.0,90330.21739110556,161.84909558573975,2.183333333333333,19.81387697633236,0.0
2026-04-03 11:17:04.203000069,3.463410983596841,17283833856.0,111620.57393222814,162.25023058520395,2.183333333333333,19.59864586377574,0.0
2026-04-03 11:17:19.203000069,3.4645396097262147,17283833856.0,111620.57393222814,161.9002566961114,2.183333333333333,20.509930077822634,0.0
2026-04-03 11:17:34.203000069,3.4099625578710486,17283833856.0,111620.57393222814,163.15057001900064,2.183333333333333,20.30409599150336,0.0
2026-04-03 11:17:49.203000069,2.713963427624245,17148542976.0,93268.6325930567,165.89807454662747,2.6666666666666665,20.63089487196128,0.0
2026-04-03 11:18:04.203000069,3.506015047711604,17155411968.0,128991.10739812494,168.29737175497854,2.6666666666666665,20.641581290771725,0.0
2026-04-03 11:18:19.203000069,3.506015047711604,17155411968.0,128991.10739812494,168.99736119907112,2.6666666666666665,21.56525385586308,0.0
2026-04-03 11:18:34.203000069,3.487464261975043,17155743744.0,128991.10739812494,168.49794732971992,2.6666666666666665,21.68871821648456,0.0
2026-04-03 11:18:49.203000069,2.720860391480398,17169551360.0,120620.12647554804,170.33633566518853,2.35,25.21132463697053,0.0
2026-04-03 11:19:04.203000069,3.818725884775122,17130258432.0,113654.76172086198,168.40328510950366,2.35,25.299309819060024,0.0
2026-04-03 11:19:19.203000069,3.818725884775122,17130258432.0,113654.76172086198,168.31993011022587,2.35,26.700706183024007,0.0
2026-04-03 11:19:34.203000069,3.763140239391793,17130258432.0,113654.76172086198,169.06900176876186,2.35,26.577967745101937,0.0
2026-04-03 11:19:49.203000069,1.0589236279406298,17046994944.0,,165.33310890566642,2.35,24.284408463971538,0.0
2026-04-03 11:20:04.203000069,3.5519563683852207,16966389760.0,125598.70405022966,161.266302789907,2.35,24.667258445955845,0.0
2026-04-03 11:20:19.203000069,3.5523751812210467,16966389760.0,125598.70405022966,160.86632556699962,2.35,20.645738055216835,0.0
2026-04-03 11:20:34.203000069,3.524413727926981,16966389760.0,125598.70405022966,158.83307889744415,2.35,20.918186060458595,0.0
2026-04-03 11:20:49.203000069,2.6012318609291785,17119596544.0,80055.29909636876,153.28307889744417,2.583333333333333,20.746153693496503,0.0
2026-04-03 11:21:04.203000069,3.4147195060496847,17199058944.0,115042.64285449075,157.8330955646664,2.583333333333333,20.198234381571183,0.0
2026-04-03 11:21:19.203000069,3.4147195060496847,17199058944.0,115042.64285449075,157.84977667624975,2.583333333333333,20.379399282082392,0.0
2026-04-03 11:21:34.203000069,3.4146908358731203,17199058944.0,115042.64285449075,157.70068947336236,2.583333333333333,20.38205408883178,0.0
2026-04-03 11:21:49.203000069,2.1711432628119733,17213247488.0,80747.47233087663,158.1006894733624,2.333333333333333,19.711911462036976,0.0
2026-04-03 11:22:04.203000069,3.397172185362811,17270915072.0,111776.00124426471,153.81740030715403,2.333333333333333,20.105205927331266,0.0
2026-04-03 11:22:19.203000069,3.397172185362811,17270915072.0,111776.00124426471,153.80071752887625,2.333333333333333,20.433319385113293,0.0
2026-04-03 11:22:34.203000069,3.390111545088056,17271578624.0,111776.00124426471,154.71603141942927,2.333333333333333,20.39471242960409,0.0
2026-04-03 11:22:49.203000069,2.628334574689526,17217208320.0,93810.13530943682,155.68269808609594,2.033333333333333,20.712115934088736,0.0
2026-04-03 11:23:04.203000069,3.572053604296129,17219403776.0,131641.79242150317,158.999239475045,2.033333333333333,20.53386035035297,0.0
2026-04-03 11:23:19.203000069,3.572053604296129,17219403776.0,131641.79242150317,159.03257280838756,2.033333333333333,21.46633476415205,0.0
2026-04-03 11:23:34.203000069,3.564492837955308,17219403776.0,131641.79242150317,159.5335939008337,2.033333333333333,21.330519103684736,0.0
2026-04-03 11:23:49.203000069,2.662578959422226,17214464000.0,90940.34423464807,165.93062344429333,2.36658778040732,22.65640050788505,0.0
2026-04-03 11:24:04.203000069,3.7880131007254128,17232461824.0,110245.1301684533,164.61358456888544,2.366587780407319,22.73276190305616,0.0
2026-04-03 11:24:19.203000069,3.788437996916141,17232461824.0,110245.1301684533,164.8969195688947,2.366587780407319,24.334793625225963,0.0
2026-04-03 11:24:34.203000069,3.7749143973368686,17232461824.0,110245.1301684533,164.04696985461288,2.366587780407319,24.552436567504543,0.0
2026-04-03 11:24:49.203000069,2.71505892110186,17197723648.0,93786.92556261172,160.3373182836442,2.4834161138704625,27.387700358695906,0.0
2026-04-03 11:25:04.203000069,3.9285308707437023,17210028032.0,130523.23346937282,160.87153606164517,2.4834161138704625,27.79943317594811,0.0
2026-04-03 11:25:19.203000069,3.9285308707437023,17210028032.0,130523.23346937282,160.70486772829332,2.4834161138704625,26.85527572869111,0.0
2026-04-03 11:25:34.203000069,3.883410132005975,17210028032.0,130523.23346937282,161.72043746225862,2.4834161138704625,26.67243780645946,0.0
2026-04-03 11:25:49.203000069,2.6495602115819707,17230553088.0,90340.02450540804,161.76518423213307,2.3,23.307686489478137,0.0
2026-04-03 11:26:04.203000069,3.667835827159132,17283518464.0,111216.7555452508,159.26472866192887,2.3,23.066224092116528,0.0
2026-04-03 11:26:19.203000069,3.667835827159132,17283518464.0,111216.7555452508,159.1813953286048,2.3,22.374884146570512,0.0
2026-04-03 11:26:34.203000069,3.661260002012942,17283518464.0,111216.7555452508,157.31544974251355,2.3,22.609162987868054,0.0
2026-04-03 11:26:49.203000069,2.705063778295592,17205080064.0,92349.5788265087,154.31665833348148,2.433333333333333,21.736784051050943,0.0
2026-04-03 11:27:04.203000069,3.440976214598608,17174028288.0,127745.81509142414,157.8826639192762,2.433333333333333,21.81826555679251,0.0
2026-04-03 11:27:19.203000069,3.440976214598608,17174028288.0,127745.81509142414,157.88266447481325,2.433333333333333,21.10672170284058,0.0
2026-04-03 11:27:34.203000069,3.4159510318469253,17174028288.0,127745.81509142414,159.59959003899874,2.433333333333333,20.896653168430948,0.0
2026-04-03 11:27:49.203000069,3.184688652527344,17176100864.0,120967.93165043308,164.53045956557006,2.533333333333333,20.838016188274263,0.0
2026-04-03 11:28:04.203000069,3.445749386219695,17179578368.0,115239.57588383446,164.74834899933148,2.533333333333333,20.476081416809365,0.0
2026-04-03 11:28:19.203000069,3.445749386219695,17179578368.0,115239.57588383446,164.83168233266483,2.533333333333333,19.625905737104347,0.0
2026-04-03 11:28:34.203000069,3.4411738263825145,17179578368.0,115239.57588383443,164.19809010181268,2.533333333333333,19.7048265346946,0.0
2026-04-03 11:28:49.203000069,1.4251844801149096,17141854208.0,,164.70302510205892,2.6333333333333333,19.44312619030701,0.0
2026-04-03 11:29:04.203000069,3.507737434911891,17126871040.0,125334.76566711332,165.18594064246588,2.6333333333333333,19.392102219517497,0.0
2026-04-03 11:29:19.203000069,3.5077374349118906,17126871040.0,125334.7656671133,165.26927453137327,2.6333333333333333,20.261285239043843,0.0
2026-04-03 11:29:34.203000069,3.487372992852732,17126871040.0,125334.7656671133,165.63642872241616,2.6333333333333333,20.362217582173727,0.0
2026-04-03 11:29:49.203000069,2.1012649429007397,17143054336.0,79337.8570451096,163.5006241955986,2.283333333333333,20.493157267044356,0.0
2026-04-03 11:30:04.203000069,3.3558036357298446,17150427136.0,115051.87728595952,159.8340494729087,2.283333333333333,20.993143614319287,0.0
2026-04-03 11:30:19.203000069,3.3561155722134166,17150427136.0,115051.87728595952,159.68405058405685,2.283333333333333,19.99480968508046,0.0
2026-04-03 11:30:34.203000069,3.3438126158943406,17150447616.0,115051.87728595952,158.98371584000475,2.283333333333333,19.9046080664306,0.0
2026-04-03 11:30:49.203000069,2.303944324912604,17106673664.0,80944.74826453684,155.6182025258939,2.3166666666666664,19.92341101070629,0.0
2026-04-03 11:31:04.203000069,3.469248785917933,17034969088.0,112144.11448011112,159.9510872477225,2.3166666666666664,19.406988943846528,0.0
2026-04-03 11:31:19.203000069,3.469248785917933,17034969088.0,112144.11448011112,160.13442530354197,2.3166666666666664,20.264395804894185,0.0
2026-04-03 11:31:34.203000069,3.466316277054464,17034969088.0,112144.11448011112,161.66700087671717,2.3166666666666664,20.09694522242331,0.0
2026-04-03 11:31:49.203000069,2.586319231586953,17011896320.0,91818.15020941774,173.18118004639703,2.3,18.740186510786167,0.0
2026-04-03 11:32:04.203000069,3.390569002524052,17001893888.0,129492.3229044234,170.23219089142054,2.3,18.881665840838387,0.0
2026-04-03 11:32:19.203000069,3.390569002524052,17001893888.0,129492.3229044234,170.26552922467982,2.3,19.165937740127763,0.0
2026-04-03 11:32:34.203000069,3.334175478988506,17001893888.0,129492.3229044234,169.33321199328267,2.3,19.22784525148944,0.0
2026-04-03 11:32:49.203000069,2.2457400468669224,16989544448.0,88609.97790946063,161.23454613771364,2.466666666666667,20.937190451540868,0.0
2026-04-03 11:33:04.203000069,3.4889598308581533,16960499712.0,113854.31599110232,158.78300447035187,2.466666666666667,21.106315219966053,0.0
2026-04-03 11:33:19.203000069,3.4889598308581533,16960499712.0,113854.31599110232,158.46629919411563,2.466666666666667,19.714263142384368,0.0
2026-04-03 11:33:34.203000069,3.485757520255395,16960499712.0,113854.31599110232,157.88208476217895,2.466666666666667,19.815866363699733,0.0
2026-04-03 11:33:49.203000069,1.236886117332157,17005486080.0,,154.16541809551228,2.283333333333333,19.40355555431561,0.0
2026-04-03 11:34:04.203000069,3.354344291529773,17068945408.0,126592.91925272605,156.2162330819015,2.283333333333333,19.31831382204423,0.0
2026-04-03 11:34:19.203000069,3.354344291529773,17068945408.0,126592.91925272605,156.3162758584109,2.283333333333333,20.6228119028274,0.0
2026-04-03 11:34:34.203000069,3.346120583852036,17068945408.0,126592.91925272605,156.76649806539328,2.283333333333333,20.82957615033083,0.0
2026-04-03 11:34:49.203000069,2.778702632385834,17146916864.0,121248.55530512297,161.91403536970537,2.3,21.96505191180113,0.0
2026-04-03 11:35:04.203000069,3.553459446369856,17155825664.0,114854.23684651316,161.2139059252979,2.3,22.44130273782444,0.0
2026-04-03 11:35:19.203000069,3.553459446369856,17155825664.0,114854.23684651316,161.09722370255713,2.3,21.36366670265127,0.0
2026-04-03 11:35:34.203000069,3.3931062609726688,17155825664.0,114854.23684651316,160.68080480540928,2.3,21.185657301746996,0.0
2026-04-03 11:35:49.203000069,2.3355433668196004,17182273536.0,81291.43604336106,156.93283473774486,2.333255558148062,19.71143406580933,0.0
2026-04-03 11:36:04.203000069,3.3640788900761978,17232936960.0,111952.88872260156,157.73288834816617,2.3332555581480614,19.167869686054686,0.0
2026-04-03 11:36:19.203000069,3.3640788900761978,17232936960.0,111952.88872260156,157.83287362647633,2.3332555581480614,19.410870157292248,0.0
2026-04-03 11:36:34.203000069,3.361816210736899,17232936960.0,111952.88872260156,157.7002456021398,2.3332555581480614,19.45284333461959,0.0
2026-04-03 11:36:49.203000069,2.657237779007056,17131601920.0,93275.47426559754,159.0868406820138,2.2000733357778595,20.39722682114737,0.0
2026-04-03 11:37:04.203000069,3.3532852850143446,17120608256.0,132111.99792115227,159.55292542767495,2.2000733357778595,20.664185759203452,0.0
2026-04-03 11:37:19.203000069,3.3532852850143446,17120608256.0,132111.99792115227,159.46961931654536,2.2000733357778595,20.540764483007894,0.0
2026-04-03 11:37:34.203000069,3.154418418576154,17120608256.0,132111.99792115227,160.50149765185722,2.2000733357778595,20.43170845169445,0.0
2026-04-03 11:37:49.203000069,2.712927906626158,17183793152.0,91408.29136164524,163.18200200200224,2.3833333333333333,19.810201686656,0.0
2026-04-03 11:38:04.203000069,3.474345972113235,17262379008.0,111697.38374349818,164.03264809088276,2.3833333333333333,19.495331990540308,0.0
2026-04-03 11:38:19.203000069,3.474837776848737,17262379008.0,111697.38374349818,164.08263559036885,2.3833333333333333,20.22727682831741,0.0
2026-04-03 11:38:34.203000069,3.4480113782006963,17262379008.0,111697.38374349818,164.18364584363454,2.3833333333333333,20.20054654548371,0.0
2026-04-03 11:38:49.203000069,2.777268568809101,17347727360.0,93255.49385257368,165.5831980807822,2.549915002833239,19.89535120175779,0.0
2026-04-03 11:39:04.203000069,3.49038189332032,17349046272.0,129649.06751212236,166.7337300430745,2.5499150028332385,20.053194521564784,0.0
2026-04-03 11:39:19.203000069,3.49038189332032,17349046272.0,129649.06751212236,166.75038115474115,2.5499150028332385,18.90669931914641,0.0
2026-04-03 11:39:34.203000069,3.4807310794259934,17349038080.0,129649.06751212236,166.20044004559307,2.5499150028332385,18.91883693744554,0.0
2026-04-03 11:39:49.203000069,3.2433933016770786,17418600448.0,121370.7788024683,165.34881123966534,2.1500716690556354,19.291547618915544,0.0
2026-04-03 11:40:04.203000069,3.5324087044656847,17439186944.0,114473.49120517126,162.84822733131284,2.1500716690556354,19.265677074460328,0.0
2026-04-03 11:40:19.203000069,3.532437900125281,17439186944.0,114473.49120517125,162.93159177572028,2.1500716690556354,20.131671388267392,0.0
2026-04-03 11:40:34.203000069,3.514255423199455,17439186944.0,114473.49120517126,162.61435621783076,2.1500716690556354,20.196156231831687,0.0
2026-04-03 11:40:49.203000069,1.1521406237574985,17435734016.0,,155.38536563992818,2.1166666666666667,20.323095350335706,0.0
2026-04-03 11:41:04.203000069,3.291874950867533,17357479936.0,111659.38885001167,152.41868397376152,2.1166666666666667,20.49457077577052,0.0
2026-04-03 11:41:19.203000069,3.291874950867533,17357479936.0,111659.38885001167,152.38533508435407,2.1166666666666667,20.7327970753144,0.0
2026-04-03 11:41:34.203000069,3.2661793450415866,17357537280.0,111659.38885001166,152.3189178538173,2.1166666666666667,20.70809522414908,0.0
2026-04-03 11:41:49.203000069,2.2135337982757517,17304399872.0,92321.14935665832,156.08331833383332,2.216666666666667,22.19446766678498,0.0
2026-04-03 11:42:04.203000069,3.5390158365337783,17261850624.0,131343.22002654476,160.4833494449815,2.216666666666667,21.93524439065254,0.0
2026-04-03 11:42:19.203000069,3.544567245317097,17261850624.0,131343.22002654476,160.41668277831482,2.216666666666667,22.197295305835997,0.0
2026-04-03 11:42:34.203000069,3.526982897836166,17261858816.0,131343.22002654476,161.4833494449815,2.216666666666667,22.06879309941688,0.0
2026-04-03 11:42:49.203000069,2.105773898835629,17237671936.0,92102.2439899474,168.3829066819625,2.216592780240658,20.360200651622304,0.0
2026-04-03 11:43:04.203000069,3.521155342014471,17201012736.0,112602.99759817838,167.3976528560159,2.216592780240658,20.34737620645953,0.0
2026-04-03 11:43:19.203000069,3.521155342014471,17201012736.0,112602.99759817838,167.7143203560298,2.216592780240658,21.65562944465901,0.0
2026-04-03 11:43:34.203000069,3.375631973525771,17201127424.0,112602.99759817838,167.49807342280326,2.216592780240658,21.698361116134,0.0
2026-04-03 11:43:49.203000069,2.6685236721324808,17355132928.0,91746.44951150483,163.2489639785265,2.416747224907497,24.47845808353592,0.0
2026-04-03 11:44:04.203000069,3.5984381511681303,17376772096.0,128095.75489110374,163.95222062678937,2.416747224907497,24.69327437869965,0.0
2026-04-03 11:44:19.203000069,3.598710363582624,17376772096.0,128095.75489110374,163.66888562678938,2.416747224907497,22.36955026657671,0.0
2026-04-03 11:44:34.203000069,3.5886714022501027,17376583680.0,128095.75489110374,162.6510967576117,2.416747224907497,22.524713610296757,0.0
2026-04-03 11:44:49.203000069,2.952723251664145,16763809792.0,120710.88768177063,159.50064896490753,2.35,20.745046923683063,0.0
2026-04-03 11:45:04.203000069,3.514581234879662,16376352768.0,114495.6505530011,158.9498672721844,2.35,20.597515143951814,0.0
2026-04-03 11:45:19.203000069,3.514614734450855,16376352768.0,114495.6505530011,158.81653421663347,2.35,20.36718971053109,0.0
2026-04-03 11:45:34.203000069,3.5000086164341515,16376352768.0,114495.6505530011,158.85057001903766,2.35,20.32439071745869,0.0
2026-04-03 11:45:49.203000069,1.2430582683793931,16403415040.0,,155.3499425504111,2.183224172124727,20.754803393078102,0.0
2026-04-03 11:46:04.203000069,3.380848358680275,16448757760.0,112103.5663693395,150.4993719758364,2.183224172124727,21.163313784379987,0.0
2026-04-03 11:46:19.203000069,3.380848358680275,16448757760.0,112103.5663693395,150.38270586470676,2.183224172124727,23.149018000280183,0.0
2026-04-03 11:46:34.203000069,3.3666156645308765,16448757760.0,112103.5663693395,151.2163597642812,2.183224172124727,23.255807149950037,0.0
2026-04-03 11:46:49.203000069,2.955606854270397,16271372288.0,91100.58888688462,159.11517512803633,2.433455006083637,29.979532794721244,0.0
2026-04-03 11:47:04.203000069,3.6681171958163614,16247496704.0,131571.4047843703,168.4151751280363,2.433455006083637,32.990270304954315,0.0
2026-04-03 11:47:19.203000069,3.703954946939344,16247496704.0,131571.4047843703,168.93182401758258,2.433455006083637,32.202668773189124,0.0
2026-04-03 11:47:34.203000069,3.640171317891458,16247496704.0,131571.4047843703,169.13175957098994,2.433455006083637,32.09846704220419,0.0
2026-04-03 11:47:49.203000069,2.4812494198668387,16213954560.0,93211.21350530052,167.78556566162283,2.466584447185093,26.152621600033367,0.0
2026-04-03 11:48:04.203000069,3.51293266547776,16143654912.0,111530.28094765569,161.71844401012234,2.466584447185093,22.839783507933284,0.0
2026-04-03 11:48:19.203000069,3.51293266547776,16143654912.0,111530.28094765569,161.7851278983631,2.466584447185093,22.860118994519347,0.0
2026-04-03 11:48:34.203000069,3.4986340597463226,16144011264.0,111530.28094765569,160.75128512049216,2.466584447185093,23.259693933289192,0.0
2026-04-03 11:48:49.203000069,1.6383391406803425,16159236096.0,92611.69809477316,155.0163744819534,2.4834161138704625,43.65634003880097,0.0
2026-04-03 11:49:04.203000069,3.662685626538846,16126599168.0,131472.1168261489,144.3834961334539,2.4834161138704625,166.67496586223743,1.2499895834201382
2026-04-03 11:49:19.203000069,3.662685626538846,16126599168.0,131472.1168261489,143.7835078004817,2.4834161138704625,271.7917565232805,1.2499895834201382
2026-04-03 11:49:34.203000069,3.6545281492068167,16126599168.0,131472.1168261489,140.86729002077848,2.4834161138704625,300.8175775870945,1.2499895834201382
2026-04-03 11:49:49.203000069,2.8796616923545293,16274980864.0,91512.81031830129,135.08354000688914,3.983333333333333,49.0379781257973,1.2499895834201382
2026-04-03 11:50:04.203000069,3.723916789418708,16531693568.0,126286.54188948308,145.58397613253774,3.983333333333333,30.67125489231206,1.25
2026-04-03 11:50:19.203000069,3.7310163041394473,16531693568.0,126286.54188948308,145.68396390998217,3.983333333333333,28.227008058037143,1.25
2026-04-03 11:50:34.203000069,3.689730604134997,16531693568.0,126286.54188948308,149.15011502524086,3.983333333333333,27.33025309916212,1.25
2026-04-03 11:50:49.203000069,2.9237426289315,16393969664.0,91501.28317046614,161.81428121970106,2.3166666666666664,22.227893488268155,1.25
2026-04-03 11:51:04.203000069,3.553184459231664,16398872576.0,128590.54767862108,164.4800595535704,2.3166666666666664,21.862744680873497,1.25
2026-04-03 11:51:19.203000069,3.553460554672798,16398872576.0,128590.54767862108,164.86337677640373,2.3166666666666664,21.76874621411908,1.25
2026-04-03 11:51:34.203000069,3.422808216372709,16398872576.0,128590.54767862108,165.7303634324041,2.3166666666666664,21.603241205834305,1.25
2026-04-03 11:51:49.203000069,2.5948181294250143,16470564864.0,88429.0406688444,167.1161972379439,2.3833333333333333,22.259923151827195,1.25
2026-04-03 11:52:04.203000069,3.5739202357708137,16589352960.0,113621.95478989782,166.06708612631527,2.3833333333333333,21.767579747053027,1.25
2026-04-03 11:52:19.203000069,3.5739202357708137,16589352960.0,113621.95478989782,165.80045001503754,2.3833333333333333,20.09388261494489,1.25
2026-04-03 11:52:34.203000069,3.561053776150556,16589352960.0,113621.95478989782,163.70074558044527,2.3833333333333333,20.379951955118518,1.25
2026-04-03 11:52:49.203000069,2.679773614059043,16346091520.0,80600.97160345926,154.9188168245921,2.3831744550363307,20.078577964350185,1.25
2026-04-03 11:53:04.203000069,3.425947677973075,16317403136.0,112114.4846692374,153.8683951438694,2.3831744550363307,20.674891736501348,0.0
2026-04-03 11:53:19.203000069,3.4264195226016767,16317403136.0,112114.4846692374,153.951715698962,2.3831744550363307,22.32103000728977,0.0
2026-04-03 11:53:34.203000069,3.408778479190619,16317403136.0,112114.4846692374,155.73449347555396,2.3831744550363307,22.086031596867397,0.0
2026-04-03 11:53:49.203000069,2.799907181491108,16243163136.0,121135.6485050791,162.84815404035274,2.400160010667378,22.032374042519,0.0
2026-04-03 11:54:04.203000069,3.475157469412726,16238309376.0,128594.57367940442,162.53147237318606,2.400160010667378,21.65333802852925,0.0
2026-04-03 11:54:19.203000069,3.475157469412726,16238309376.0,128594.57367940442,162.54813792874162,2.400160010667378,21.202121817039945,0.0
2026-04-03 11:54:34.203000069,3.466879364875087,16238309376.0,128594.57367940442,161.23173125340858,2.400160010667378,21.349751057515505,0.0
2026-04-03 11:54:49.203000069,1.217305167981995,16224264192.0,,157.06666611112962,2.3166666666666664,21.233928616069928,0.0
2026-04-03 11:55:04.203000069,3.4551074117369005,16208420864.0,111739.96172933618,157.74996389127762,2.3166666666666664,20.890326460437763,0.0
2026-04-03 11:55:19.203000069,3.4631230965446367,16208420864.0,111739.96172933618,157.74996500238873,2.3166666666666664,20.010751136803613,0.0
2026-04-03 11:55:34.203000069,3.400136571602438,16208420864.0,111739.96172933618,158.51631223525874,2.3166666666666664,19.94488514808388,0.0
2026-04-03 11:55:49.203000069,2.337217390961697,16304652288.0,90558.72480645402,158.45200120266878,2.216666666666667,19.36618443253859,0.0
2026-04-03 11:56:04.203000069,3.435442679986593,16347176960.0,129194.2717832285,160.03540120237278,2.216666666666667,19.49047544244397,0.0
2026-04-03 11:56:19.203000069,3.4356380225234275,16347176960.0,129194.2717832285,160.2354006467987,2.216666666666667,20.328218971313746,0.0
2026-04-03 11:56:34.203000069,3.4346665304555937,16347176960.0,129194.2717832285,160.81938231378092,2.216666666666667,20.248673865008264,0.0
2026-04-03 11:56:49.203000069,2.126069216728945,16334839808.0,89740.49441849356,165.5978600963681,2.4833333333333334,20.183270935334235,0.0
2026-04-03 11:57:04.203000069,3.407026187223535,16377020416.0,114613.72716673143,164.8647137090393,2.4833333333333334,20.00874894628585,0.0
2026-04-03 11:57:19.203000069,3.407026187223535,16377020416.0,114613.72716673143,164.71471315350226,2.4833333333333334,19.040760240535757,0.0
2026-04-03 11:57:34.203000069,3.386764908943354,16377024512.0,114613.72716673143,163.7310509203167,2.4833333333333334,19.174835641886016,0.0
2026-04-03 11:57:49.203000069,2.698555200726168,16511561728.0,92654.79452245108,158.96925702719253,2.1666666666666665,19.52459828306216,0.0
2026-04-03 11:58:04.203000069,3.459331459442128,16540045312.0,129015.72688203912,156.1855011936322,2.1666666666666665,19.82747343715837,0.0
2026-04-03 11:58:19.203000069,3.459331459442128,16540045312.0,129015.72688203912,155.96883563807663,2.1666666666666665,20.014001451033813,0.0
2026-04-03 11:58:34.203000069,3.4247745433867944,16540045312.0,129015.72688203912,155.4185395368356,2.1666666666666665,20.05148765742708,0.0
2026-04-03 11:58:49.203000069,3.324925502551467,16583233536.0,121394.37941882886,154.06616667996258,2.283333333333333,19.8582655146149,0.0
2026-04-03 11:59:04.203000069,3.3973457738864217,16587530240.0,114991.78338001868,154.81637112099966,2.283333333333333,19.725432664326235,0.0
2026-04-03 11:59:19.203000069,3.3973457738864217,16587530240.0,114991.78338001868,154.7997038987589,2.283333333333333,19.901215860557954,0.0
2026-04-03 11:59:34.203000069,3.3959769662638037,16587530240.0,114991.78338001868,155.5,2.283333333333333,19.794208100303766,0.0
2026-04-03 11:59:49.203000069,1.4740895078173804,16534097920.0,,157.36666666666667,2.1333333333333333,20.00481938583142,0.0
2026-04-03 12:00:04.203000069,3.4411525893588712,16460591104.0,111660.09737280094,157.04956834772173,2.1333333333333333,20.02275201589121,0.0
2026-04-03 12:00:19.203000069,3.441152589358871,16460591104.0,111660.09737280094,157.24956834772175,2.1333333333333333,20.19348861910759,0.0
2026-04-03 12:00:34.203000069,3.429629772817167,16460591104.0,111660.09737280094,157.81681725601868,2.1333333333333333,20.134674015561583,0.0
2026-04-03 12:00:49.203000069,2.598248041960991,16343662592.0,91890.96669696184,161.6310034498122,2.6,19.63559202918864,0.0
2026-04-03 12:01:04.203000069,3.4590297149044784,16325771264.0,131881.9787068294,167.34864706354008,2.6,19.367324278910083,0.0
2026-04-03 12:01:19.203000069,3.4596449507700435,16325771264.0,131881.9787068294,167.53198984147528,2.6,19.87394168393605,0.0
2026-04-03 12:01:34.203000069,3.4512297128081038,16325771264.0,131881.9787068294,167.381407599845,2.6,19.97123849292917,0.0
2026-04-03 12:01:49.203000069,2.259988678506016,16200777728.0,92554.77265645289,166.21966982099866,2.533333333333333,20.701525069340665,0.0
2026-04-03 12:02:04.203000069,3.399688524219716,16161550336.0,111924.94316235324,160.93573647157217,2.533333333333333,21.1913064430305,0.0
2026-04-03 12:02:19.203000069,3.399688524219716,16161550336.0,111924.94316235324,160.41905508261382,2.533333333333333,19.865213671469192,0.0
2026-04-03 12:02:34.203000069,3.3355582937886643,16161550336.0,111924.94316235324,159.78547286868763,2.533333333333333,19.89247580563408,0.0
2026-04-03 12:02:49.203000069,2.4267569628563868,16141783040.0,91266.43749247475,157.43302445374047,2.4166666666666665,19.523277538110207,0.0
2026-04-03 12:03:04.203000069,3.378347754483164,16146366464.0,127862.94275920534,162.66642167520342,2.4166666666666665,19.05877320582608,0.0
2026-04-03 12:03:19.203000069,3.378347754483164,16146366464.0,127862.94275920534,163.1330919529488,2.4166666666666665,20.34103041061565,0.0
2026-04-03 12:03:34.203000069,3.3748080365820985,16146366464.0,127862.94275920534,164.11634862217093,2.4166666666666665,20.20420493512149,0.0
2026-04-03 12:03:49.203000069,2.425986140666787,16151461888.0,88300.01722046123,165.9996819555043,2.25,19.794095048582825,0.0
2026-04-03 12:04:04.203000069,3.380557916872806,16175603712.0,114732.5646444555,160.1830000110089,2.25,19.996619999933092,0.0
2026-04-03 12:04:19.203000069,3.380557916872806,16175603712.0,114732.56464445547,159.7830088999811,2.25,18.360241438896075,0.0
2026-04-03 12:04:34.203000069,3.36757370828961,16175714304.0,114732.56464445547,158.53388168514874,2.25,18.588583621694177,0.0
2026-04-03 12:04:49.203000069,1.6994167790663797,16221216768.0,,154.5172150184821,2.2,19.806193317686105,0.0
2026-04-03 12:05:04.203000069,3.360862054218082,16262238208.0,111990.5933655194,153.48366447737928,2.2,20.526344195179792,0.0
2026-04-03 12:05:19.203000069,3.360862054218082,16262238208.0,111990.5933655194,153.38364197805055,2.2,21.61859859874707,0.0
2026-04-03 12:05:34.203000069,3.342140809423141,16262238208.0,111990.5933655194,154.09950196845705,2.2,21.525811630849333,0.0
2026-04-03 12:05:49.203000069,3.122253195877584,16629493760.0,121105.8576662408,157.6828353017904,2.2,20.60860581364681,0.0
2026-04-03 12:06:04.203000069,3.444462371782425,16676556800.0,131949.20058543456,161.2332964141998,2.2,19.83292320354392,0.0
2026-04-03 12:06:19.203000069,3.475655145278931,16676556800.0,131949.20058543456,161.64999558063042,2.2,19.76847290452919,0.0
2026-04-03 12:06:34.203000069,3.388164607349778,16676556800.0,131949.20058543456,161.7166033603711,2.2,19.746326723981703,0.0
2026-04-03 12:06:49.203000069,1.982182644131221,16648646656.0,93757.05426431628,161.63085344092394,2.5166666666666666,19.620185979671938,0.0
2026-04-03 12:07:04.203000069,3.508750605171513,16726122496.0,111953.87111367645,161.73069148214978,2.5166666666666666,19.606444760485275,0.0
2026-04-03 12:07:19.203000069,3.508750605171513,16726122496.0,111953.87111367645,161.49734092602012,2.5166666666666666,19.458339156221847,0.0
2026-04-03 12:07:34.203000069,3.495716546921123,16726122496.0,111953.87111367645,160.74820760035442,2.5166666666666666,19.574018871617216,0.0
2026-04-03 12:07:49.203000069,2.2282454430205965,16768487424.0,90972.54575041498,154.05285703867443,2.1,20.75028663584814,0.0
2026-04-03 12:08:04.203000069,3.4343546216075964,16856944640.0,129302.72115187348,152.16939120476235,2.1,21.17962496275493,0.0
2026-04-03 12:08:19.203000069,3.4343546216075964,16856944640.0,129302.72115187348,152.15272453809567,2.1,21.734260690691777,0.0
2026-04-03 12:08:34.203000069,3.420201755325616,16856944640.0,129302.72115187348,151.9188428531506,2.1,21.726946467032413,0.0
2026-04-03 12:08:49.203000069,2.2397819050759225,16821678080.0,89225.88149218843,157.4328427931847,2.333255558148062,21.256908463624324,0.0
2026-04-03 12:09:04.203000069,3.4363270529583017,16641253376.0,113697.69775952316,158.63246725109164,2.3332555581480614,20.965471193620992,0.0
2026-04-03 12:09:19.203000069,3.436327052958302,16641253376.0,113697.6977595232,158.76578447385086,2.3332555581480614,20.90740918574479,0.0
2026-04-03 12:09:34.203000069,3.4348862079985345,16641306624.0,113697.69775952316,159.53219559348022,2.3332555581480614,20.855284020904215,0.0
2026-04-03 12:09:49.203000069,2.487772551479284,16485765120.0,79778.34076756006,159.89733734034888,2.266742224740825,20.2608369120181,0.0
2026-04-03 12:10:04.203000069,3.5166415403053395,16467853312.0,110945.78558225508,163.29820956283135,2.266742224740825,20.04605425477675,0.0
2026-04-03 12:10:19.203000069,3.5166415403053395,16467853312.0,110945.78558225508,163.26490622942396,2.266742224740825,19.85268891264141,0.0
2026-04-03 12:10:34.203000069,3.376361031684595,16467857408.0,110945.78558225508,163.9148284542387,2.266742224740825,19.76799456782973,0.0
2026-04-03 12:10:49.203000069,3.115616219239298,16464797696.0,120608.02513328896,167.03593955353995,2.45,19.46795330206147,0.0
2026-04-03 12:11:04.203000069,3.516389056477761,16469684224.0,128696.39624305633,165.8017078874834,2.45,19.437913456524512,0.0
2026-04-03 12:11:19.203000069,3.5167516416158056,16469684224.0,128696.39624305633,166.1183401099278,2.45,20.169434734554518,0.0
2026-04-03 12:11:34.203000069,3.4798449572511205,16469684224.0,128696.39624305633,165.53534009881704,2.45,20.23158501802881,0.0
2026-04-03 12:11:49.203000069,1.5580225511589922,16324722688.0,,164.79906669777677,2.649911669611013,21.425780961782785,0.0
2026-04-03 12:12:04.203000069,3.5035672623410474,16265506816.0,111189.70374268644,166.48316392394426,2.6499116696110128,21.32983453483613,0.0
2026-04-03 12:12:19.203000069,3.5040412597859523,16265506816.0,111189.70374268644,166.36651781214798,2.6499116696110128,19.594209095574627,0.0
2026-04-03 12:12:34.203000069,3.461965161189336,16265506816.0,111189.70374268644,166.26708283098193,2.6499116696110128,19.62703966926849,0.0
2026-04-03 12:12:49.203000069,1.8778559538470003,16267845632.0,92308.55160086571,165.25133060894595,2.466748891629721,18.21509899314821,0.0
2026-04-03 12:13:04.203000069,3.2902099179693187,16286068736.0,133935.79744757072,162.40116448326054,2.466748891629721,18.387700703695845,0.0
2026-04-03 12:13:19.203000069,3.2902099179693187,16286068736.0,133935.79744757072,162.21784670600132,2.466748891629721,18.35290997104731,0.0
2026-04-03 12:13:34.203000069,3.2800400419861684,16286068736.0,133935.79744757072,162.5503511404078,2.466748891629721,18.319969304483315,0.0
2026-04-03 12:13:49.203000069,2.239429583079473,16254943232.0,94299.73045625296,158.44989112507398,2.4166666666666665,18.062506841079045,0.0
2026-04-03 12:14:04.203000069,3.2114943119580674,16284610560.0,112616.08288728209,158.5658578057769,2.4166666666666665,18.028453672302614,0.0
2026-04-03 12:14:19.203000069,3.213572189692657,16284610560.0,112616.08288728209,158.61582669466574,2.4166666666666665,17.83826316944424,0.0
2026-04-03 12:14:34.203000069,3.1910489466458967,16284610560.0,112616.08288728209,158.5663516945737,2.4166666666666665,17.81323505385772,0.0
2026-04-03 12:14:49.203000069,2.311656520286587,16574226432.0,80308.72731467505,161.4830183612404,2.333333333333333,17.79142878606629,0.0
2026-04-03 12:15:04.203000069,3.343807088995544,16728944640.0,113485.17149002,160.9508044722972,2.333333333333333,17.797401855834863,0.0
2026-04-03 12:15:19.203000069,3.345927041955128,16728944640.0,113485.17149002,160.86750113892683,2.333333333333333,17.783667046127412,0.0
2026-04-03 12:15:34.203000069,3.337375560133791,16728944640.0,113485.17149002,160.71691836316694,2.333333333333333,17.788739641959857,0.0
2026-04-03 12:15:49.203000069,2.6854157337259137,16756572160.0,122175.36146682684,163.24777566792343,2.5,17.884493798782795,0.0
2026-04-03 12:16:04.203000069,3.3341863024694565,16760840192.0,129332.14735173936,165.19720009429318,2.5,17.7905865221893,0.0
2026-04-03 12:16:19.203000069,3.342383262541968,16760840192.0,129332.14735173936,165.24718564936722,2.5,17.793716008954487,0.0
2026-04-03 12:16:34.203000069,3.3297211538185354,16760840192.0,129332.14735173936,165.6975695470158,2.5,17.752422880555333,0.0
2026-04-03 12:16:49.203000069,1.5176444884987166,16725356544.0,,165.40004557559263,2.3166666666666664,17.48928399245261,0.0
2026-04-03 12:17:04.203000069,3.288458505577918,16731258880.0,112354.27757249329,162.4329922559996,2.3166666666666664,17.63756137059287,0.0
2026-04-03 12:17:19.203000069,3.288458505577918,16731258880.0,112354.27757249329,162.3329922559996,2.3166666666666664,17.390146980120612,0.0
2026-04-03 12:17:34.203000069,3.2684035496311457,16731258880.0,112354.27757249329,161.93287225555505,2.3166666666666664,17.461487667591914,0.0
2026-04-03 12:17:49.203000069,2.037192768735596,16801021952.0,90764.52010193087,159.4352767801503,2.333333333333333,17.525439360228383,0.0
2026-04-03 12:18:04.203000069,3.2186235518691864,16822710272.0,129747.78174210302,160.98610455778086,2.333333333333333,17.542654305525573,0.0
2026-04-03 12:18:19.203000069,3.2186235518691864,16822710272.0,129747.78174210302,160.9694378911142,2.333333333333333,17.9556370660892,0.0
2026-04-03 12:18:34.203000069,3.02700591275746,16822710272.0,129747.78174210302,160.48646732668868,2.333333333333333,17.974090837504985,0.0
2026-04-03 12:18:49.203000069,2.216229418610955,16763023360.0,89872.50410245394,157.56508843457232,2.283333333333333,19.255798192322164,0.0
2026-04-03 12:19:04.203000069,3.375082591296026,16587370496.0,114683.4162262978,154.43081343766386,2.283333333333333,19.362895889255302,0.0
2026-04-03 12:19:19.203000069,3.376485064911392,16587370496.0,114683.4162262978,154.49746454929348,2.283333333333333,19.82233419425677,0.0
2026-04-03 12:19:34.203000069,3.361165530468383,16587370496.0,114683.4162262978,154.38019566014466,2.283333333333333,19.866898961955897,0.0
2026-04-03 12:19:49.203000069,2.6136296117881006,16561819648.0,80163.8203125583,152.95145121481642,2.0666666666666664,19.941136649082985,0.0
2026-04-03 12:20:04.203000069,3.303636668313044,16567345152.0,111714.90131701676,152.73583899326204,2.0666666666666664,20.11587675819923,0.0
2026-04-03 12:20:19.203000069,3.303636668313043,16567345152.0,111714.90131701676,152.58586843767873,2.0666666666666664,20.34436153450517,0.0
2026-04-03 12:20:34.203000069,3.2987794426737413,16567345152.0,111714.90131701676,153.0034303979627,2.0666666666666664,20.25304891664628,0.0
2026-04-03 12:20:49.203000069,3.022173971905585,16806469632.0,121253.97740275812,158.7678158774787,2.35,18.879621246073903,0.0
2026-04-03 12:21:04.203000069,3.3284396292641776,16858304512.0,129197.55176859864,159.98351976264428,2.35,18.6468168546012,0.0
2026-04-03 12:21:19.203000069,3.329792639871528,16858304512.0,129197.55176859864,160.11682476262573,2.35,18.12443726034623,0.0
2026-04-03 12:21:34.203000069,3.2003599964324643,16858304512.0,129197.55176859864,160.16537672382145,2.35,18.107850164864715,0.0
2026-04-03 12:21:49.203000069,1.419539244839377,16865030144.0,,160.0653767238215,2.35,18.7850494041551,0.0
2026-04-03 12:22:04.203000069,3.366452009621152,16885805056.0,111873.57128377852,163.09959005811874,2.35,18.66901683047988,0.0
2026-04-03 12:22:19.203000069,3.3672227553978344,16885805056.0,111873.57128377852,162.98295005809098,2.35,19.102487414102857,0.0
2026-04-03 12:22:34.203000069,3.361647430653096,16885805056.0,111873.57128377852,163.13411947068607,2.35,19.0785728781745,0.0
2026-04-03 12:22:49.203000069,2.70293406029826,16759812096.0,90516.60959992718,164.30034115218558,2.36658778040732,19.060407910107443,0.0
2026-04-03 12:23:04.203000069,3.4211178117997942,16735219712.0,129347.16854310202,163.69945392924012,2.366587780407319,19.113473222025146,0.0
2026-04-03 12:23:19.203000069,3.4211178117997942,16735219712.0,129347.16854310202,163.59943115136974,2.366587780407319,19.726428248915827,0.0
2026-04-03 12:23:34.203000069,3.420356718121326,16735219712.0,129347.16854310202,163.23244502961012,2.366587780407319,19.828407454839517,0.0
2026-04-03 12:23:49.203000069,2.703768575957022,16770379776.0,89618.72467162383,158.0976512175159,2.133404446814894,20.14090756807269,0.0
2026-04-03 12:24:04.203000069,3.376912184241372,16848064512.0,114601.19723237194,157.33183843935018,2.133404446814894,20.235033259679213,0.0
2026-04-03 12:24:19.203000069,3.377484018513426,16848064512.0,114601.19723237194,157.64853177286872,2.133404446814894,19.569463677835344,0.0
2026-04-03 12:24:34.203000069,3.362166996002802,16848064512.0,114601.19723237194,157.19853177286873,2.133404446814894,19.568843298676185,0.0
2026-04-03 12:24:49.203000069,2.2987582959722954,16725983232.0,79929.40373646165,159.70043723679677,2.45,19.709738279361854,0.0
2026-04-03 12:25:04.203000069,3.421513907829224,16714412032.0,111085.06032121976,160.20001611164815,2.45,19.68082589037448,0.0
2026-04-03 12:25:19.203000069,3.421513907829224,16714412032.0,111085.06032121976,160.0500005555741,2.45,20.06481477623321,0.0
2026-04-03 12:25:34.203000069,3.42058952899255,16714412032.0,111085.06032121976,160.6833338889074,2.45,20.031105952379704,0.0
2026-04-03 12:25:49.203000069,2.6268432468664105,16742572032.0,121068.44328068248,158.56666722224074,2.333333333333333,20.37700960610801,0.0
2026-04-03 12:26:04.203000069,3.4333351646756856,16765165568.0,129453.45476020266,157.45000055557406,2.333333333333333,20.37056447580511,0.0
2026-04-03 12:26:19.203000069,3.4347372264888496,16765165568.0,129453.45476020266,157.5,2.333333333333333,21.092391304347853,0.0
2026-04-03 12:26:34.203000069,3.411442550101369,16765165568.0,129453.45476020264,157.25025556407437,2.333333333333333,21.169524908406007,0.0
2026-04-03 12:26:49.203000069,1.2681173811437896,16774819840.0,,159.80264119915108,2.6166666666666667,21.96846593178657,0.0
2026-04-03 12:27:04.203000069,3.556917943204712,16810328064.0,111283.73713135692,160.25219343629874,2.6166666666666667,21.908382361661907,0.0
2026-04-03 12:27:19.203000069,3.556917943204712,16810328064.0,111283.73713135692,160.4188601029654,2.6166666666666667,21.63746208783188,0.0
2026-04-03 12:27:34.203000069,3.546290387533648,16810328064.0,111283.73713135692,160.98502399157596,2.6166666666666667,21.512183774286,0.0
2026-04-03 12:27:49.203000069,2.023274507110381,16963321856.0,90327.38495498445,163.2493050231659,2.1666666666666665,19.59541700350965,0.0
2026-04-03 12:28:04.203000069,3.341826215999887,17057046528.0,130457.06542056074,163.08296168020328,2.1666666666666665,19.633756599041003,0.0
2026-04-03 12:28:19.203000069,3.341826215999887,17057046528.0,130457.06542056074,163.16629501353663,2.1666666666666665,18.731368340480383,0.0
2026-04-03 12:28:34.203000069,3.327361345753072,17057046528.0,130457.06542056074,163.6164711361109,2.1666666666666665,18.648891970774315,0.0
2026-04-03 12:28:49.203000069,2.6613447602423834,17049513984.0,91225.3644219626,166.39724788799694,2.45,18.084429802151263,0.0
2026-04-03 12:29:04.203000069,3.3561912724346943,16986390528.0,115367.1545173093,169.08129234670142,2.45,17.95669288229012,0.0
2026-04-03 12:29:19.203000069,3.3561912724346943,16986390528.0,115367.1545173093,169.46462512449773,2.45,18.173431431671,0.0
2026-04-03 12:29:34.203000069,3.332110792102844,16986390528.0,115367.1545173093,168.31445511283087,2.45,18.25486179911418,0.0
2026-04-03 12:29:49.203000069,2.49105308783042,17026138112.0,79736.34599933012,164.91944621987346,2.65,18.54512562277231,0.0
2026-04-03 12:30:04.203000069,3.3430501358986087,17032626176.0,111579.83662380678,166.25219286698393,2.65,18.37944655861162,0.0
2026-04-03 12:30:19.203000069,3.3431939112764013,17032626176.0,111579.83662380678,165.75219397809505,2.65,18.30022748320335,0.0
2026-04-03 12:30:34.203000069,3.331040000562634,17032626176.0,111579.83662380678,166.88610175894752,2.65,18.234291900007275,0.0
2026-04-03 12:30:49.203000069,2.315708740344968,17041059840.0,121049.67237370535,163.50033390001892,2.25,19.23807286762172,0.0
2026-04-03 12:31:04.203000069,3.3684040738538235,17045127168.0,128935.72380450615,158.81647169542572,2.25,19.724678627243023,0.0
2026-04-03 12:31:19.203000069,3.3684040738538235,17045127168.0,128935.72380450615,158.61646947324053,2.25,19.51522951216668,0.0
2026-04-03 12:31:34.203000069,3.360129406266906,17045127168.0,128935.72380450615,157.29946946212905,2.25,19.675781599359222,0.0
2026-04-03 12:31:49.203000069,1.7415678999206965,16940507136.0,,156.39968057675873,2.216703611726862,18.89607734897826,0.0
2026-04-03 12:32:04.203000069,3.3028763591090886,16819294208.0,111963.2304764282,156.38480253745948,2.216703611726862,18.7694264721859,0.0
2026-04-03 12:32:19.203000069,3.3028763591090886,16819294208.0,111963.2304764282,156.50147253745948,2.216703611726862,19.86128923529188,0.0
2026-04-03 12:32:34.203000069,3.2808983277406782,16823545856.0,111963.2304764282,157.33480587079282,2.216703611726862,19.799058401677776,0.0
2026-04-03 12:32:49.203000069,2.7152834470676863,16809066496.0,89078.53736890126,163.55104059317696,2.249962500624989,20.687991565557315,0.0
2026-04-03 12:33:04.203000069,3.4025327156495955,16811200512.0,127814.24068715094,164.53238223815714,2.249962500624989,20.65170730698883,0.0
2026-04-03 12:33:19.203000069,3.4025327156495955,16811200512.0,127814.24068715094,164.53238001589787,2.249962500624989,20.08221918264191,0.0
2026-04-03 12:33:34.203000069,3.248564631794449,16811200512.0,127814.24068715094,163.66564447852744,2.249962500624989,20.12048458416457,0.0
2026-04-03 12:33:49.203000069,2.4897961927414083,16812019712.0,90400.34964134089,158.81349872039985,2.3833333333333333,19.85579114795213,0.0
2026-04-03 12:34:04.203000069,3.490205016241684,16832692224.0,115148.35516557634,157.94702733720038,2.3833333333333333,20.028055070372872,0.0
2026-04-03 12:34:19.203000069,3.490205016241684,16832692224.0,115148.35516557634,158.06367844886702,2.3833333333333333,20.441789121771016,0.0
2026-04-03 12:34:34.203000069,2.975942831417064,16832692224.0,115148.35516557634,158.9304751164968,2.3833333333333333,20.3619024897982,0.0
2026-04-03 12:34:49.203000069,2.691348137645702,16876744704.0,78945.13498891897,160.11858345122437,2.183333333333333,20.679344898778453,0.0
2026-04-03 12:35:04.203000069,3.4619515283810216,16885559296.0,111236.67958680291,159.3528090040217,2.183333333333333,20.64879485666881,0.0
2026-04-03 12:35:19.203000069,3.4619515283810216,16885559296.0,111236.67958680291,159.20283900394767,2.183333333333333,20.67882126123751,0.0
2026-04-03 12:35:34.203000069,3.441107317197289,16885559296.0,111236.67958680291,158.60271455883642,2.183333333333333,20.80289598876588,0.0
2026-04-03 12:35:49.203000069,2.3653095604780003,16884482048.0,76639.75480448248,156.38363947855598,2.1,20.750869385646943,0.0
2026-04-03 12:36:04.203000069,3.437717712418148,16904245248.0,128258.77733292268,156.41678974982906,2.1,20.69503829639887,0.0
2026-04-03 12:36:19.203000069,3.437717712418148,16904245248.0,128258.77733292268,156.4834458606624,2.1,20.011105299015693,0.0
2026-04-03 12:36:34.203000069,3.3983132278616037,16904245248.0,128258.77733292268,156.7013587215054,2.1,19.970264522885376,0.0
2026-04-03 12:36:49.203000069,2.0710312587069364,17167667200.0,80323.18437280679,157.18820889734755,2.466666666666667,19.87530726808173,0.0
2026-04-03 12:37:04.203000069,3.481450893562376,17201078272.0,111848.01281931842,157.9380363887221,2.466666666666667,19.77185776251221,0.0
2026-04-03 12:37:19.203000069,3.481450893562376,17201078272.0,111848.01281931842,157.75469694422208,2.466666666666667,20.208799077247924,0.0
2026-04-03 12:37:34.203000069,3.357454505257555,17201078272.0,111848.01281931842,157.75208141357132,2.466666666666667,20.19346108325091,0.0
2026-04-03 12:37:49.203000069,2.257795489133757,17223823360.0,121069.0372676061,160.0449372524285,2.466666666666667,20.08959159335766,0.0
2026-04-03 12:38:04.203000069,3.407567016421388,17221988352.0,128734.86995988042,163.3782705857618,2.466666666666667,20.23389168199641,0.0
2026-04-03 12:38:19.203000069,3.407567016421388,17221988352.0,128734.86995988042,163.62827336337293,2.466666666666667,20.26571920157108,0.0
2026-04-03 12:38:34.203000069,3.400746686712861,17221988352.0,128734.8699598804,164.49663713462547,2.466666666666667,20.179316729392173,0.0
2026-04-03 12:38:49.203000069,1.1128694007529687,17170862080.0,,165.94780842401607,2.6166666666666667,19.38098804064016,0.0
2026-04-03 12:39:04.203000069,3.3946067122796464,17094098944.0,111627.87697950176,163.6477967577383,2.6166666666666667,19.15709448431329,0.0
2026-04-03 12:39:19.203000069,3.3946067122796464,17094098944.0,111627.87697950176,163.4144628688679,2.6166666666666667,19.306181674440225,0.0
2026-04-03 12:39:34.203000069,3.3703791297525902,17094098944.0,111627.8769795018,162.04782953664574,2.6166666666666667,19.42787468896754,0.0
2026-04-03 12:39:49.203000069,2.792291226793284,17102368768.0,89245.4674721096,159.66933453418815,2.6166666666666667,20.91541598805397,0.0
2026-04-03 12:40:04.203000069,3.489127856504122,17102499840.0,127463.93511807556,162.26891732587288,2.6166666666666667,20.92291112062366,0.0
2026-04-03 12:40:19.203000069,3.491398531813658,17102499840.0,127463.93511807556,162.2855723262988,2.6166666666666667,20.8707952986253,0.0
2026-04-03 12:40:34.203000069,3.481891517590956,17102499840.0,127463.93511807556,162.8850195470945,2.6166666666666667,20.8451060324764,0.0
2026-04-03 12:40:49.203000069,2.177792313448126,17017769984.0,90264.11675359483,161.8826372454622,2.2,19.67373819388577,0.0
2026-04-03 12:41:04.203000069,3.3964197911926264,16968880128.0,114530.1318851823,159.60018169057426,2.2,19.78434929982985,0.0
2026-04-03 12:41:19.203000069,3.3964197911926264,16968880128.0,114530.1318851823,159.93354613520393,2.2,18.55369735118803,0.0
2026-04-03 12:41:34.203000069,3.389416504281463,16968880128.0,114530.1318851823,160.1334839150557,2.2,18.47280751587108,0.0
2026-04-03 12:41:49.203000069,2.4241237147822505,16970915840.0,78662.49417065406,163.06681724838907,2.45,18.25603893516476,0.0
2026-04-03 12:42:04.203000069,3.378082147292971,16975228928.0,111477.20206289216,163.5663683445367,2.45,18.19594540704551,0.0
2026-04-03 12:42:19.203000069,3.378082147292971,16975228928.0,111477.20206289216,163.18300334433297,2.45,19.227239329545185,0.0
2026-04-03 12:42:34.203000069,3.355641068516477,16975228928.0,111477.20206289216,163.10024334229658,2.45,19.280709581060737,0.0
2026-04-03 12:42:49.203000069,2.0796808372863267,17016143872.0,76868.64019412536,162.74779231288642,2.2333333333333334,19.41913487012768,0.0
2026-04-03 12:43:04.203000069,3.4794609617514998,17159307264.0,128888.19971372724,160.9644589795531,2.2333333333333334,19.606228974395314,0.0
2026-04-03 12:43:19.203000069,3.4915994246250786,17159307264.0,128888.19971372724,160.997817868442,2.2333333333333334,19.27202656005384,0.0
2026-04-03 12:43:34.203000069,3.4618477213529446,17159503872.0,128888.19971372724,160.99764510108997,2.2333333333333334,19.191910338129556,0.0
2026-04-03 12:43:49.203000069,2.633032470733669,17084981248.0,80297.34827214495,164.6855234529654,2.583247225092497,19.158294987932205,0.0
2026-04-03 12:44:04.203000069,3.5001075487967093,17106735104.0,112192.83684761476,168.9168296316483,2.5832472250924967,18.833397134629404,0.0
2026-04-03 12:44:19.203000069,3.5001075487967093,17106735104.0,112192.83684761476,169.18346685400013,2.5832472250924967,19.11812117650105,0.0
2026-04-03 12:44:34.203000069,3.4845589158913435,17106735104.0,112192.83684761476,169.36697628812996,2.5832472250924967,19.14507712977056,0.0
2026-04-03 12:44:49.203000069,2.751416303380022,17191686144.0,121066.69597862482,162.59631850282923,2.416747224907497,19.025689978215585,0.0
2026-04-03 12:45:04.203000069,3.289889559371376,17210699776.0,128395.72654850862,157.51675849346304,2.416747224907497,19.35713660439113,0.0
2026-04-03 12:45:19.203000069,3.289889559371376,17210699776.0,128395.72654850862,157.1834540488705,2.416747224907497,17.940155294838238,0.0
2026-04-03 12:45:34.203000069,3.251923618785844,17210703872.0,128395.72654850862,155.59962460366623,2.416747224907497,18.079878654111525,0.0
2026-04-03 12:45:49.203000069,1.0353800613847488,17201606656.0,,157.02058514639324,2.3833333333333333,18.39925851302356,0.0
2026-04-03 12:46:04.203000069,3.2943943415672754,17190338560.0,112329.89013052869,161.4022884261692,2.3833333333333333,18.524752471819887,0.0
2026-04-03 12:46:19.203000069,3.294543185361159,17190338560.0,112329.89013052869,161.45227675911366,2.3833333333333333,19.272777458644427,0.0
2026-04-03 12:46:34.203000069,3.284777616750423,17190338560.0,112329.89013052869,162.7357751033916,2.3833333333333333,19.4484427581823,0.0
2026-04-03 12:46:49.203000069,2.720833985168269,16970657792.0,78247.75325248278,161.6833783568334,2.4833333333333334,18.979376164292034,0.0
2026-04-03 12:47:04.203000069,3.259143854010683,16899256320.0,112305.9305010607,159.833141135222,2.4833333333333334,18.592637929717263,0.0
2026-04-03 12:47:19.203000069,3.2641066108507863,16899256320.0,112305.9305010607,160.33312058031458,2.4833333333333334,19.298560675767035,0.0
2026-04-03 12:47:34.203000069,3.234069559740504,16899256320.0,112305.9305010607,161.766872795278,2.4833333333333334,18.849271692456057,0.0
2026-04-03 12:47:49.203000069,2.648948218793973,16896958464.0,77608.5453313809,173.30020612861136,2.7333333333333334,18.57502494327815,0.0
2026-04-03 12:48:04.203000069,3.389658806519822,16914882560.0,129080.37898256806,171.01712168316718,2.7333333333333334,18.81027253530827,0.0
2026-04-03 12:48:19.203000069,3.390294392847696,16914882560.0,129080.37898256806,170.80049279420425,2.7333333333333334,17.800613667615714,0.0
2026-04-03 12:48:34.203000069,3.251831890938597,16914882560.0,129080.37898256806,169.46649334881462,2.7333333333333334,17.99836717026116,0.0
2026-04-03 12:48:49.203000069,1.9484524763900224,16813891584.0,79966.18259035732,160.39740842942302,2.533333333333333,18.34285677123181,0.0
2026-04-03 12:49:04.203000069,3.48492633497493,16779313152.0,111691.11227193016,164.4806139807192,2.533333333333333,18.166784880272854,0.0
2026-04-03 12:49:19.203000069,3.48492633497493,16779313152.0,111691.11227193016,164.5972623134784,2.533333333333333,18.951384418550465,0.0
2026-04-03 12:49:34.203000069,3.4740356701531705,16779313152.0,111691.11227193016,164.98091452507137,2.533333333333333,18.8988639272727,0.0
2026-04-03 12:49:49.203000069,2.9094022476371286,16956579840.0,119782.73854978025,164.98333277779628,2.4166666666666665,19.16544120989188,0.0
2026-04-03 12:50:04.203000069,3.380658004746809,16997371904.0,126532.72846115536,162.86666611112963,2.4166666666666665,19.206827342703058,0.0
2026-04-03 12:50:19.203000069,3.380658004746809,16997371904.0,126532.72846115536,162.76666666666665,2.4166666666666665,18.67292650946157,0.0
2026-04-03 12:50:34.203000069,3.3599335190797346,16997371904.0,126532.72846115536,161.9997566747775,2.4166666666666665,18.72052190218272,0.0
2026-04-03 12:50:49.203000069,1.133577134164801,17015185408.0,,159.3516423232611,2.466584447185094,18.682455338124704,0.0
2026-04-03 12:51:04.203000069,3.501708385006677,17073233920.0,115057.01104998207,160.53496010155737,2.466584447185093,19.38392729851768,0.0
2026-04-03 12:51:19.203000069,3.501708385006677,17073233920.0,115057.01104998207,160.55162676822405,2.466584447185093,20.67230413546862,0.0
2026-04-03 12:51:34.203000069,3.496254569984438,17073233920.0,115057.01104998207,161.3521939931321,2.466584447185093,20.60563517649888,0.0
2026-04-03 12:51:49.203000069,2.359000696165972,16986734592.0,78735.32923144777,164.86742280401938,2.6834227807593587,20.27493138987649,0.0
2026-04-03 12:52:04.203000069,3.4999637176273435,16987803648.0,113027.3590067737,165.16766975202407,2.6834227807593587,20.31622775755759,0.0
2026-04-03 12:52:19.203000069,3.5013156417675546,16987803648.0,113027.3590067737,164.93433697426482,2.6834227807593587,19.29326736449309,0.0
2026-04-03 12:52:34.203000069,3.4968608163310098,16987803648.0,113027.3590067737,163.70092141596842,2.6834227807593587,19.40485104190752,0.0
2026-04-03 12:52:49.203000069,2.725219936163947,16986849280.0,77617.3002719391,160.83142814700233,2.2666666666666666,20.156363062992742,0.0
2026-04-03 12:53:04.203000069,3.777697738717484,16999964672.0,129106.96548298982,155.1143123135068,2.2666666666666666,20.55757165658336,0.0
2026-04-03 12:53:19.203000069,3.777697738717484,16999964672.0,129106.96548298982,154.88096731385863,2.2666666666666666,20.15893501534176,0.0
2026-04-03 12:53:34.203000069,3.709747732889908,16999849984.0,129106.96548298982,155.28072563913614,2.2666666666666666,20.13417847074402,0.0
2026-04-03 12:53:49.203000069,2.547890345095217,16991641600.0,80392.48878643534,156.71643778206473,2.25,20.228014201198437,0.0
2026-04-03 12:54:04.203000069,3.868864356375877,17015648256.0,111348.22255995846,159.4981411742572,2.25,19.934542086637418,0.0
2026-04-03 12:54:19.203000069,3.869433070956998,17015648256.0,111348.22255995846,160.13150784129425,2.25,21.49677484700262,0.0
2026-04-03 12:54:34.203000069,3.8440409332666734,17015648256.0,111348.22255995846,160.78125118318286,2.25,21.45543383737803,0.0
2026-04-03 12:54:49.203000069,3.834326790055328,17063378944.0,127962.68871437277,160.04986405538875,2.416586113796207,21.954546272614134,0.0
2026-04-03 12:55:04.203000069,3.993335482787283,17068208128.0,141922.52468309095,162.0685095525391,2.4165861137962064,21.98900971089124,1.25
2026-04-03 12:55:19.203000069,3.9963060392072607,17068208128.0,141922.52468309095,161.66847510779832,2.4165861137962064,22.28090935650946,1.25
2026-04-03 12:55:34.203000069,3.94254757288779,17068208128.0,141922.52468309095,161.70173566577972,2.4165861137962064,22.24466975888357,1.25
2026-04-03 12:55:49.203000069,1.160083860429428,17011150848.0,,167.85027669870402,2.966765558851962,21.42461715587276,1.25
2026-04-03 12:56:04.203000069,3.4997819772756227,17014849536.0,114872.89311608324,173.88545176009495,2.966765558851962,20.064672744461703,1.2499895834201382
2026-04-03 12:56:19.203000069,3.501077641045734,17014849536.0,114872.89311608324,174.33548620483572,2.966765558851962,19.481327695999923,1.2499895834201382
2026-04-03 12:56:34.203000069,3.4952917428895014,17014849536.0,114872.89311608324,175.05282009400312,2.966765558851962,19.3847471369915,1.2499895834201382
2026-04-03 12:56:49.203000069,1.7894489895682997,16933789696.0,78458.26511094111,173.8826673999437,2.433252224925836,18.55152876470183,1.2499895834201382
2026-04-03 12:57:04.203000069,3.3048837566887213,16916062208.0,111880.12017840148,167.07891294912469,2.4332522249258357,18.84060124153301,1.250010416753473
2026-04-03 12:57:19.203000069,3.3048837566887213,16916062208.0,111880.12017840148,166.6955429488654,2.4332522249258357,17.8795705657686,1.250010416753473
2026-04-03 12:57:34.203000069,3.303842826772289,16914710528.0,111880.12017840148,165.9451290679205,2.4332522249258357,17.953757609456282,1.250010416753473
2026-04-03 12:57:49.203000069,2.007623466328984,16933736448.0,77403.79497825966,165.73445295657532,2.466748891629721,17.862851023023985,1.250010416753473
2026-04-03 12:58:04.203000069,3.265193650435853,16984215552.0,112358.0527257174,166.57136795719043,2.466748891629721,17.809139706568917,1.25
2026-04-03 12:58:19.203000069,3.2665597925627967,16984215552.0,112358.0527257174,166.604732401709,2.466748891629721,17.647903210213975,1.25
2026-04-03 12:58:34.203000069,3.20437995405325,16984215552.0,112358.0527257174,166.07147516028314,2.466748891629721,17.76216437792084,1.25
2026-04-03 12:58:49.203000069,2.594549216510384,16987217920.0,93095.58268500034,160.20181672722427,2.3833333333333333,18.077609138574104,1.25
2026-04-03 12:59:04.203000069,3.2905123706684707,17027268608.0,129484.50530793486,159.20001666722223,2.3833333333333333,18.18896601793321,0.0
2026-04-03 12:59:19.203000069,3.2905123706684707,17027268608.0,129484.50530793486,159.38333277779628,2.3833333333333333,17.878995198238048,0.0
2026-04-03 12:59:34.203000069,3.274383182166177,17027268608.0,129484.50530793486,159.250074462926,2.3833333333333333,17.84996999823132,0.0
2026-04-03 12:59:49.203000069,2.845661707251819,16969199616.0,121664.3610685724,160.16674112959268,2.2,17.629588207679305,0.0
2026-04-03 13:00:04.203000069,3.226727675703816,16936583168.0,115109.06929825932,155.35007446292602,2.2,17.86683275420502,0.0
2026-04-03 13:00:19.203000069,3.226727675703816,16936583168.0,115109.06929825932,155.03340835179637,2.2,17.76583377814821,0.0
2026-04-03 13:00:34.203000069,3.2216692579077613,16936583168.0,115109.06929825932,154.38333333333333,2.2,17.78850383156192,0.0
2026-04-03 13:00:49.203000069,1.263780405354718,16943722496.0,,151.55,2.2333333333333334,17.722452333975177,0.0
2026-04-03 13:01:04.203000069,3.217218783213978,17219784704.0,112488.52556666773,153.33278001844383,2.2333333333333334,17.704140535037745,0.0
2026-04-03 13:01:19.203000069,3.217218783213978,17219784704.0,112488.52556666773,153.54943057457345,2.2333333333333334,18.137345771625263,0.0
2026-04-03 13:01:34.203000069,3.2049422068846383,17219784704.0,112488.52556666773,154.8993030766984,2.2333333333333334,18.04775906806719,0.0
2026-04-03 13:01:49.203000069,2.599271450575617,16944246784.0,93637.85769994505,160.8468348256401,2.683333333333333,17.935449174502494,0.0
2026-04-03 13:02:04.203000069,3.301784063877369,16915152896.0,131996.62769367598,165.53131371582654,2.683333333333333,17.59026219419174,0.0
2026-04-03 13:02:19.203000069,3.301784063877369,16915152896.0,131996.62769367598,165.31466315969695,2.683333333333333,17.405383460071842,0.0
2026-04-03 13:02:34.203000069,3.2919595256012544,16915152896.0,131996.62769367598,164.74794483653,2.683333333333333,17.45257370914828,0.0
2026-04-03 13:02:49.203000069,2.86065656205141,16752807936.0,121610.14544465968,159.51940038716498,2.433333333333333,18.043403004621403,0.0
2026-04-03 13:03:04.203000069,3.2286739827662663,16673644544.0,112815.71722179514,156.26839371457126,2.433333333333333,18.350105962322857,0.0
2026-04-03 13:03:19.203000069,3.2286739827662667,16673644544.0,112815.71722179514,156.35172704790455,2.433333333333333,18.26959214993193,0.0
2026-04-03 13:03:34.203000069,3.205829318119099,16673644544.0,112815.71722179514,156.31913010974347,2.433333333333333,18.292241121299263,0.0
2026-04-03 13:03:49.203000069,1.1266868224495157,16869830656.0,,158.36442288971972,2.4,17.80091115533959,0.0
2026-04-03 13:04:04.203000069,3.3488715567900957,17115209728.0,127395.09277191228,161.54817065368314,2.4,17.47147170541369,0.0
2026-04-03 13:04:19.203000069,3.3488715567900957,17115209728.0,127395.09277191228,161.61483676481276,2.4,17.52320084634145,0.0
2026-04-03 13:04:34.203000069,3.345769282613093,17115209728.0,127395.09277191228,162.33036509894114,2.4,17.420410201449943,0.0
2026-04-03 13:04:49.203000069,2.3150301747946487,17129562112.0,79760.52985386238,166.25191676933548,2.45,17.298506411080766,0.0
2026-04-03 13:05:04.203000069,3.3235934005841967,17134497792.0,114929.40738673366,164.59899234286348,2.45,17.48543017393257,0.0
2026-04-03 13:05:19.203000069,3.3241234667480457,17134497792.0,114929.40738673366,164.5656745655672,2.45,17.650908596371732,0.0
2026-04-03 13:05:34.203000069,3.301600888931045,17134497792.0,114929.40738673366,164.64985288832742,2.45,17.660978861483315,0.0
2026-04-03 13:05:49.203000069,2.6444289037171056,17061429248.0,80652.19050617111,162.79735447171353,2.4833333333333334,17.66184007025428,0.0
2026-04-03 13:06:04.203000069,3.308216707982861,17023168512.0,112417.74329777584,165.03704003162207,2.4833333333333334,17.37759765071346,0.0
2026-04-03 13:06:19.203000069,3.308216707982861,17023168512.0,112417.74329777584,164.92034558714056,2.4833333333333334,17.18275146249987,0.0
2026-04-03 13:06:34.203000069,3.254354451554934,17023168512.0,112417.74329777584,163.87008168945508,2.4833333333333334,17.290964393921385,0.0
2026-04-03 13:06:49.203000069,2.195212422834348,17018961920.0,93025.48530273624,158.50341502278843,2.2666666666666666,17.386233530221475,0.0
2026-04-03 13:07:04.203000069,3.1605704527213665,17018605568.0,130928.07070440584,152.8336305630187,2.2666666666666666,17.884420804510004,0.0
2026-04-03 13:07:19.203000069,3.1605704527213665,17018605568.0,130928.07070440584,152.81698945187057,2.2666666666666666,17.9572264192763,0.0
2026-04-03 13:07:34.203000069,3.1470774918678117,17018605568.0,130928.07070440584,153.65037947109283,2.2666666666666666,17.888666707428794,0.0
2026-04-03 13:07:49.203000069,2.5362695300267424,17083740160.0,122280.17937219734,155.2313867708495,2.3,17.871138746691756,0.0
2026-04-03 13:08:04.203000069,3.275196480276723,17100193792.0,115110.73442797108,158.78086204520577,2.3,17.583568903448132,0.0
2026-04-03 13:08:19.203000069,3.2751964802767226,17100193792.0,115110.73442797108,158.9975159336687,2.3,17.979238083631024,0.0
2026-04-03 13:08:34.203000069,3.1575185877963725,17100193792.0,115110.73442797108,159.5641259144464,2.3,17.93844497616278,0.0
2026-04-03 13:08:49.203000069,1.333492657974692,17133072384.0,,167.38568092232225,2.5166666666666666,18.08238527115526,0.0
2026-04-03 13:09:04.203000069,3.2831595090477994,17050296320.0,112743.8458402584,169.76929953103064,2.5166666666666666,18.05871528652688,0.0
2026-04-03 13:09:19.203000069,3.3793531501692824,17050296320.0,112743.8458402584,169.81929953103065,2.5166666666666666,18.679853830549437,0.0
2026-04-03 13:09:34.203000069,3.2456533455768644,17050296320.0,112743.8458402584,169.0859661976973,2.5166666666666666,18.765591683777743,0.0
2026-04-03 13:09:49.203000069,2.6551355869936213,17071685632.0,92232.02100054476,162.06630723773102,2.1499283357221426,21.574159919570235,0.0
2026-04-03 13:10:04.203000069,3.615750800203916,17072111616.0,129584.85563827856,158.5160239136194,2.149928335722142,22.201695882929258,0.0
2026-04-03 13:10:19.203000069,3.630089748408244,17072111616.0,129584.85563827856,158.41600835858233,2.149928335722142,23.295925585944897,0.0
2026-04-03 13:10:34.203000069,3.595270301284169,17072111616.0,129584.85563827856,157.93261115486004,2.149928335722142,23.40589853094054,0.0
2026-04-03 13:10:49.203000069,2.8520708835220256,17011961856.0,91497.70681859452,162.51683448919437,2.650088336277876,21.593861512752248,0.0
2026-04-03 13:11:04.203000069,3.520656904225333,16976723968.0,111429.31109319776,165.01718003877835,2.650088336277876,21.05728327387636,0.0
2026-04-03 13:11:19.203000069,3.5262404811637804,16976723968.0,111429.31109319776,164.83387337203763,2.650088336277876,21.86729598408234,0.0
2026-04-03 13:11:34.203000069,3.517399103701275,16976252928.0,111429.31109319776,165.50067115055631,2.650088336277876,21.735850148375825,0.0
2026-04-03 13:11:49.203000069,2.4616393584494194,16853544960.0,93415.84407574811,164.64729289916366,2.399920002666578,23.8180613303983,0.0
2026-04-03 13:12:04.203000069,3.666251769218648,16758714368.0,131094.6238929923,164.37991846945914,2.399920002666577,23.848088670167314,0.0
2026-04-03 13:12:19.203000069,3.666251769218648,16758714368.0,131094.6238929923,164.42989402508874,2.399920002666577,22.730160225560383,0.0
2026-04-03 13:12:34.203000069,3.658255484953842,16758714368.0,131094.6238929923,163.9298267836257,2.399920002666577,22.80323328034269,0.0
2026-04-03 13:12:49.203000069,2.172064994597936,16732225536.0,91047.4012040814,159.56885122322467,2.2500750025000835,22.10922012466996,0.0
2026-04-03 13:13:04.203000069,3.697626013132002,16722206720.0,111070.21024623571,155.05329205548978,2.2500750025000835,22.3547947021188,0.0
2026-04-03 13:13:19.203000069,3.697626013132002,16722206720.0,111070.21024623571,155.11998733324444,2.2500750025000835,24.23462808179949,0.0
2026-04-03 13:13:34.203000069,3.681321189015902,16722284544.0,111070.21024623571,155.38706706662904,2.2500750025000835,24.178320934344637,0.0
2026-04-03 13:13:49.203000069,2.3450586516787117,16656310272.0,92259.33632122356,156.13429419642225,2.466666666666667,25.77447499333309,0.0
2026-04-03 13:14:04.203000069,3.671306940239186,16690688000.0,129085.94199936834,157.43377834582446,2.466666666666667,26.18656807025189,0.0
2026-04-03 13:14:19.203000069,3.671708429166813,16690688000.0,129085.94199936834,157.25042723434296,2.466666666666667,25.67339249644517,0.0
2026-04-03 13:14:34.203000069,3.662742596669267,16690696192.0,129085.94199936834,157.0492961437671,2.466666666666667,25.709478793682575,0.0
2026-04-03 13:14:49.203000069,2.9924678252921244,16810283008.0,88088.78467846062,159.84640512902314,2.399920002666578,25.724072290072584,0.0
2026-04-03 13:15:04.203000069,3.779829520260465,16995024896.0,113377.46595636888,161.3124890359484,2.399920002666577,25.266920173648533,0.0
2026-04-03 13:15:19.203000069,3.7858350592015295,16995024896.0,113377.46595636888,161.39581320299004,2.399920002666577,25.90949710029744,0.0
2026-04-03 13:15:34.203000069,3.739325264882665,16993144832.0,113377.46595636888,161.0472337578355,2.399920002666577,26.06392508864065,0.0
2026-04-03 13:15:49.203000069,2.965873215910648,16980828160.0,92914.24483282489,158.76960653308262,2.2834094469815662,25.749978796670145,0.0
2026-04-03 13:16:04.203000069,3.71438863349199,16982437888.0,128017.78953945676,161.67070930988012,2.2834094469815662,25.30333216440251,0.0
2026-04-03 13:16:19.203000069,3.71438863349199,16982437888.0,128017.78953945676,161.68740097649126,2.2834094469815662,25.171214415153685,0.0
2026-04-03 13:16:34.203000069,3.7088637170671857,16982437888.0,128017.78953945676,162.36987317036946,2.2834094469815662,24.999500735847874,0.0
2026-04-03 13:16:49.203000069,2.4599128936985726,16967118848.0,120232.04230073068,161.49804315480813,2.433333333333333,25.228216173560085,0.0
2026-04-03 13:17:04.203000069,3.6143757100170295,16993095680.0,113706.46314038384,159.39738536317776,2.433333333333333,25.49082946426033,0.0
2026-04-03 13:17:19.203000069,3.628715391202564,16993095680.0,113706.46314038384,159.34737202939996,2.433333333333333,26.00113779369261,0.0
2026-04-03 13:17:34.203000069,3.4688277602902438,16993095680.0,113706.46314038384,158.7136445451818,2.433333333333333,26.020463859192027,0.0
2026-04-03 13:17:49.203000069,1.9041868424305768,16990683136.0,,161.06842177009457,2.3666666666666667,24.674143445949284,0.0
2026-04-03 13:18:04.203000069,3.65083955220206,16993259520.0,125767.384681996,159.73491845050177,2.3666666666666667,24.86221639820044,0.0
2026-04-03 13:18:19.203000069,3.65083955220206,16993259520.0,125767.384681996,159.76822400698322,2.3666666666666667,22.396943548163215,0.0
2026-04-03 13:18:34.203000069,3.62320105750354,16993259520.0,125767.384681996,160.11908566552123,2.3666666666666667,22.389379137222694,0.0
2026-04-03 13:18:49.203000069,3.065072601915929,16914092032.0,78679.04785479837,156.18100843949742,2.216666666666667,23.42714462476073,0.0
2026-04-03 13:19:04.203000069,3.712255005120972,16904736768.0,113650.82838386996,154.94825121718324,2.216666666666667,23.6283877407691,0.0
2026-04-03 13:19:19.203000069,3.712255005120972,16904736768.0,113650.82838386996,155.01494788302583,2.216666666666667,25.5652007987211,0.0
2026-04-03 13:19:34.203000069,3.693376729305494,16905183232.0,113650.82838386996,154.79822010321098,2.216666666666667,25.524760990785555,0.0
2026-04-03 13:19:49.203000069,2.1119702462324725,16883650560.0,81157.58300380327,157.96959343910513,2.433333333333333,25.57041760273168,0.0
2026-04-03 13:20:04.203000069,3.721862623537501,16802795520.0,111372.2777191785,158.5194250919753,2.433333333333333,25.25984555421904,0.0
2026-04-03 13:20:19.203000069,3.721896104295904,16802795520.0,111372.2777191785,158.51945064838273,2.433333333333333,23.775892394582225,0.0
2026-04-03 13:20:34.203000069,3.7083039019952353,16802795520.0,111372.2777191785,158.88530010354847,2.433333333333333,23.971817086591173,0.0
2026-04-03 13:20:49.203000069,2.7341845671351264,16715644928.0,92843.50890757826,157.7662416904903,2.35,22.169039217750036,0.0
2026-04-03 13:21:04.203000069,3.542760038064837,16711524352.0,132773.47048866237,159.88266613523072,2.35,22.28585918307765,0.0
2026-04-03 13:21:19.203000069,3.542760038064837,16711524352.0,132773.47048866237,160.41597113429552,2.35,22.03972019946409,0.0
2026-04-03 13:21:34.203000069,3.427734191869188,16711524352.0,132773.47048866237,161.1504678017783,2.35,21.700598183434085,0.0
2026-04-03 13:21:49.203000069,2.939790893980433,16700301312.0,92506.0430034196,168.0504678017783,2.3,22.09926616948364,0.0
2026-04-03 13:22:04.203000069,3.6131788695513674,16732946432.0,111426.91274855252,169.03347725701866,2.3,21.87618372262955,0.0
2026-04-03 13:22:19.203000069,3.619540605525041,16732946432.0,111426.91274855252,168.73345892429643,2.3,21.843774164340743,0.0
2026-04-03 13:22:34.203000069,3.577587966900444,16732987392.0,111426.91274855252,167.94953168227724,2.3,21.973069497710814,0.0
2026-04-03 13:22:49.203000069,2.79240409761256,16716083200.0,92046.6925091983,163.0328650156106,2.5,21.34468170798206,0.0
2026-04-03 13:23:04.203000069,3.58377728934565,16732700672.0,128732.88192189964,161.76723779807472,2.5,21.40546197552708,0.0
2026-04-03 13:23:19.203000069,3.58377728934565,16732700672.0,128732.88192189964,161.81725668759324,2.5,22.83687698795442,0.0
2026-04-03 13:23:34.203000069,3.452015098756366,16732667904.0,128732.88192189964,162.43392335425992,2.5,22.725656962429586,0.0
2026-04-03 13:23:49.203000069,2.4568735947619644,16842674176.0,87975.5151184182,164.8505900209266,2.466666666666667,24.61042802747073,0.0
2026-04-03 13:24:04.203000069,3.76922111399113,16926011392.0,113201.45221209052,164.25000000125925,2.466666666666667,25.17902216833668,0.0
2026-04-03 13:24:19.203000069,3.76922111399113,16926011392.0,113201.45221209052,164.20001888951853,2.466666666666667,22.285889686421932,0.0
2026-04-03 13:24:34.203000069,3.72026427661388,16926011392.0,113201.45221209052,163.2166855561852,2.466666666666667,22.418928947320264,0.0
2026-04-03 13:24:49.203000069,2.009663465586153,16992976896.0,92496.32620316344,158.13335222285187,2.3666666666666667,20.374400558168585,0.0
2026-04-03 13:25:04.203000069,3.5347787085265563,17031643136.0,127628.81702221648,156.83335222285186,2.3666666666666667,19.93657798686036,0.0
2026-04-03 13:25:19.203000069,3.5347787085265563,17031643136.0,127628.81702221648,156.45000055557406,2.3666666666666667,20.44598540759021,0.0
2026-04-03 13:25:34.203000069,3.5268110000494794,17031643136.0,127628.81702221648,157.16666722224073,2.3666666666666667,20.405588899567316,0.0
2026-04-03 13:25:49.203000069,3.1379325205348465,17002885120.0,120748.50359979094,156.01434785510853,2.1,20.62419615527753,0.0
2026-04-03 13:26:04.203000069,3.3927895856972428,17004314624.0,114934.12558913654,157.74756508120095,2.1,20.62378973444453,0.0
2026-04-03 13:26:19.203000069,3.3927895856972428,17004314624.0,114934.12558913654,157.96421674835838,2.1,20.67857386427476,0.0
2026-04-03 13:26:34.203000069,3.3693309366956483,17004314624.0,114934.12558913654,157.48088341502503,2.1,20.682145225224524,0.0
2026-04-03 13:26:49.203000069,1.6255478304331148,16955625472.0,,165.13571897714155,2.75,20.45847191080876,0.0
2026-04-03 13:27:04.203000069,3.569115097941033,16907767808.0,111784.88092094022,168.3193167559937,2.75,20.017055844728475,0.0
2026-04-03 13:27:19.203000069,3.569115097941033,16907767808.0,111784.88092094022,168.60266564570668,2.75,20.41504748088422,0.0
2026-04-03 13:27:34.203000069,3.5603165070235514,16907767808.0,111784.88092094022,169.2694612034104,2.75,20.343916045854986,0.0
2026-04-03 13:27:49.203000069,2.53150491711538,16885211136.0,93385.78789555733,163.19984113411084,2.449918336055465,20.189383614560967,0.0
2026-04-03 13:28:04.203000069,3.3552550460417327,16877936640.0,134092.29877969017,158.71623946649942,2.4499183360554646,20.579065913258685,0.0
2026-04-03 13:28:19.203000069,3.3552550460417327,16877936640.0,134092.29877969017,158.4329039096383,2.4499183360554646,19.196790272036708,0.0
2026-04-03 13:28:34.203000069,3.2119885507356725,16877936640.0,134092.29877969017,157.48240170393365,2.4499183360554646,19.2760113497579,0.0
2026-04-03 13:28:49.203000069,2.505112947218171,16827457536.0,93250.57816095444,160.24950557824894,2.5500000000000007,18.87658715279141,0.0
2026-04-03 13:29:04.203000069,3.369299979968982,16713543680.0,111684.79325734368,162.6497378012492,2.55,18.74656721987733,0.0
2026-04-03 13:29:19.203000069,3.369810152677183,16713543680.0,111684.79325734368,162.63307280223992,2.55,19.71984442286273,0.0
2026-04-03 13:29:34.203000069,3.359981608344172,16713543680.0,111684.79325734368,164.16643723942568,2.55,19.619320098903003,0.0
2026-04-03 13:29:49.203000069,2.039214820453864,16658792448.0,92117.97518957272,171.6169089218151,2.566752225074169,19.655888971908944,0.0
2026-04-03 13:30:04.203000069,3.605272317587124,16617467904.0,128521.01804720036,172.60015002881497,2.566752225074169,19.55290620132129,0.0
2026-04-03 13:30:19.203000069,3.605272317587124,16617467904.0,128521.01804720036,172.88350280627796,2.566752225074169,19.957064571993705,0.0
2026-04-03 13:30:34.203000069,3.569837752118245,16617467904.0,128521.01804720036,171.5174961387972,2.566752225074169,19.999988126183705,0.0
2026-04-03 13:30:49.203000069,2.5952433665669763,16658919424.0,121170.52492638846,159.6999305817592,2.216592780240658,21.30172643308267,0.0
2026-04-03 13:31:04.203000069,3.4445362790488088,16660926464.0,114981.43790034756,157.0827067101104,2.216592780240658,21.798906604885666,0.0
2026-04-03 13:31:19.203000069,3.4445362790488088,16660926464.0,114981.43790034756,156.58267670977705,2.216592780240658,20.26009611348415,0.0
2026-04-03 13:31:34.203000069,3.441193648941976,16660926464.0,114981.43790034756,157.099025588073,2.216592780240658,20.293711898995195,0.0
2026-04-03 13:31:49.203000069,1.408193795684268,16660881408.0,,162.33256279977712,2.249962500624989,19.01365730018092,0.0
2026-04-03 13:32:04.203000069,3.412263932728945,16687218688.0,112216.04648983036,164.64974944911103,2.249962500624989,18.71464188974379,0.0
2026-04-03 13:32:19.203000069,3.412263932728945,16687218688.0,112216.04648983036,165.0497772271481,2.249962500624989,19.35695820560491,0.0
2026-04-03 13:32:34.203000069,3.412263932728945,16687218688.0,112216.04648983036,164.59947001516625,2.249962500624989,19.410885223011235,0.0
2026-04-03 13:32:49.203000069,2.608430268651333,16590802944.0,92343.68056418412,162.1813012354894,2.483457506208644,19.33323207298525,0.0
2026-04-03 13:33:04.203000069,3.3729324419148745,16575909888.0,132301.4854514771,161.1985368088604,2.483457506208644,19.4575829509256,0.0
2026-04-03 13:33:19.203000069,3.38102931942517,16575909888.0,132301.4854514771,160.93185291936038,2.483457506208644,19.25995632062052,0.0
2026-04-03 13:33:34.203000069,3.326664980920056,16576307200.0,132301.4854514771,161.51549346467553,2.483457506208644,19.209292275174345,0.0
2026-04-03 13:33:49.203000069,2.7053027515941177,16692334592.0,92708.61216155444,163.18632287742926,2.5,19.18681792417276,0.0
2026-04-03 13:34:04.203000069,3.400674226925477,16782483456.0,111886.33214491446,163.3357711923731,2.5,19.240922264145844,0.0
2026-04-03 13:34:19.203000069,3.400674226925477,16782483456.0,111886.33214491444,163.46910397013235,2.5,18.82604058477973,0.0
2026-04-03 13:34:34.203000069,3.373279507301264,16782544896.0,111886.33214491446,162.90268786737337,2.5,18.85822317620377,0.0
2026-04-03 13:34:49.203000069,2.8651241473345057,16876847104.0,92029.15469141444,161.8502505639077,2.15,19.7058006990022,0.0
2026-04-03 13:35:04.203000069,3.5445860910186875,16902983680.0,129235.52339568452,160.66676668003714,2.15,19.591985667673004,0.0
2026-04-03 13:35:19.203000069,3.5445860910186875,16902983680.0,129235.52339568452,160.71676668003715,2.15,20.433466159124418,0.0
2026-04-03 13:35:34.203000069,3.533152911044555,16902983680.0,129235.52339568452,160.8165850238703,2.15,20.444121733368057,0.0
2026-04-03 13:35:49.203000069,2.971756380532931,16910020608.0,120976.94734082586,158.74991835720363,2.0166666666666666,19.99459306226184,0.0
2026-04-03 13:36:04.203000069,3.389615173595488,16925716480.0,114125.1276496983,157.28340224107416,2.0166666666666666,20.299006396383422,0.0
2026-04-03 13:36:19.203000069,3.389615173595488,16925716480.0,114125.1276496983,157.38338335281486,2.0166666666666666,20.17397283661247,0.0
2026-04-03 13:36:34.203000069,3.385011298754556,16925716480.0,114125.1276496983,157.25022223088914,2.0166666666666666,20.17961373549476,0.0
2026-04-03 13:36:49.203000069,1.9693242901191077,16935251968.0,,158.99737843679338,2.416586113796207,21.22744091439689,0.0
2026-04-03 13:37:04.203000069,3.514267801827537,16860516352.0,112109.4158674804,156.63044067723752,2.4165861137962064,21.260814451513102,0.0
2026-04-03 13:37:19.203000069,3.514267801827537,16860516352.0,112109.4158674804,156.56379289883012,2.4165861137962064,21.07264275880272,0.0
2026-04-03 13:37:34.203000069,3.50266463795248,16860516352.0,112109.4158674804,156.8635517796817,2.4165861137962064,20.965460800806284,0.0
2026-04-03 13:37:49.203000069,1.808183350795971,16780451840.0,91144.01990800576,157.63593178053995,2.266742224740825,20.7494778039963,0.0
2026-04-03 13:38:04.203000069,3.6618625493350554,16763645952.0,131395.3398201658,161.47063734359645,2.266742224740825,20.73886511364799,0.0
2026-04-03 13:38:19.203000069,3.6618625493350554,16763645952.0,131395.3398201658,161.43732928935114,2.266742224740825,21.72315065686208,0.0
2026-04-03 13:38:34.203000069,3.660096518504322,16763645952.0,131395.3398201658,161.2703515219434,2.266742224740825,21.912553659629705,0.0
2026-04-03 13:38:49.203000069,2.1243437641570124,16855957504.0,93162.03333541048,159.80081531518096,2.3666666666666667,22.945609368771628,0.0
2026-04-03 13:39:04.203000069,3.5804292253411583,17002582016.0,111455.98309850402,155.7490797450319,2.3666666666666667,22.99241364561984,0.0
2026-04-03 13:39:19.203000069,3.5832012552055863,17002582016.0,111455.98309850402,155.56570168918458,2.3666666666666667,25.03548356431828,0.0
2026-04-03 13:39:34.203000069,3.558382373446864,17002582016.0,111455.98309850402,156.01634446764825,2.3666666666666667,24.902520387846955,0.0
2026-04-03 13:39:49.203000069,3.022141360530864,17026183168.0,92187.17615199824,157.41634446764826,2.2,28.57744684234645,0.0
2026-04-03 13:40:04.203000069,3.876915877003132,17025384448.0,129995.19545752348,163.433668068755,2.2,29.159238482199115,0.0
2026-04-03 13:40:19.203000069,3.876915877003132,17025384448.0,129995.19545752348,163.4670422354542,2.2,29.59397129560034,0.0
2026-04-03 13:40:34.203000069,3.697002970725325,17025384448.0,129995.19545752348,162.53352417129182,2.2,29.984799708423505,0.0
2026-04-03 13:40:49.203000069,2.881714077035509,16930066432.0,91860.0215767635,159.4001908379585,2.183333333333333,26.675097733705545,0.0
2026-04-03 13:41:04.203000069,3.507386396219122,16848560128.0,110939.4814460213,157.03350167016677,2.183333333333333,25.74155307484853,0.0
2026-04-03 13:41:19.203000069,3.507386396219122,16848560128.0,110939.4814460213,157.183471113713,2.183333333333333,22.311456748901705,0.0
2026-04-03 13:41:34.203000069,3.456457942177092,16848560128.0,110939.4814460213,157.9661766908599,2.183333333333333,21.8222561885085,0.0
2026-04-03 13:41:49.203000069,2.296462969536392,16802414592.0,91398.94015322666,164.1636656634497,2.65,20.175474773005945,0.0
2026-04-03 13:42:04.203000069,3.356488330356701,16772673536.0,129491.58871524862,168.39706038669507,2.65,19.96989005891185,0.0
2026-04-03 13:42:19.203000069,3.364315487058093,16772673536.0,129491.58871524862,168.31373621987564,2.65,20.490486566396832,0.0
2026-04-03 13:42:34.203000069,3.335765142697501,16772681728.0,129491.58871524862,168.59729092670526,2.65,20.479084172735263,0.0
2026-04-03 13:42:49.203000069,2.295190426972348,16832962560.0,88937.52087106432,168.45182205293253,2.599913336222126,20.443584003312385,0.0
2026-04-03 13:43:04.203000069,3.659917085429535,16926076928.0,115083.89724213757,169.08454734676067,2.5999133362221256,20.312703593004947,0.0
2026-04-03 13:43:19.203000069,3.659917085429535,16926076928.0,115083.89724213757,169.35117457029767,2.5999133362221256,19.946644142303747,0.0
2026-04-03 13:43:34.203000069,3.6389808474211,16926076928.0,115083.89724213757,169.0350217923538,2.5999133362221256,19.95700071279541,0.0
2026-04-03 13:43:49.203000069,2.731651239363086,16935002112.0,80547.39825068462,164.5167622633335,2.3334111137037903,20.29345790700341,0.0
2026-04-03 13:44:04.203000069,3.3795586918447635,16951144448.0,111506.15218765102,158.18398946894516,2.3334111137037903,20.64184468927441,0.0
2026-04-03 13:44:19.203000069,3.3795586918447635,16951144448.0,111506.152187651,157.85070946809338,2.3334111137037903,19.699598590769284,0.0
2026-04-03 13:44:34.203000069,3.352169834534474,16951140352.0,111506.152187651,156.61717836627835,2.3334111137037903,19.86130842395439,0.0
2026-04-03 13:44:49.203000069,3.167359967500078,17018908672.0,120462.28477266611,152.31675112981492,2.3,20.313456421859065,0.0
2026-04-03 13:45:04.203000069,3.419748526315405,17026879488.0,127859.32271038656,150.56713447592645,2.3,20.39784626835528,0.0
2026-04-03 13:45:19.203000069,3.419748526315405,17026879488.0,127859.32271038656,150.66713503153755,2.3,21.07276401236992,0.0
2026-04-03 13:45:34.203000069,3.407628081045948,17026879488.0,127859.32271038656,150.8670305873152,2.3,21.055804948920063,0.0
2026-04-03 13:45:49.203000069,1.0162114904821482,17016246272.0,,151.5836972539819,2.4,20.64715369427646,0.0
2026-04-03 13:46:04.203000069,3.348660023147185,16988999680.0,111999.50113025177,153.86464178456907,2.4,20.59272444211922,0.0
2026-04-03 13:46:19.203000069,3.348660023147185,16988999680.0,111999.50113025177,153.63129400627275,2.4,20.20354542749115,0.0
2026-04-03 13:46:34.203000069,3.215780311787788,16989245440.0,111999.50113025178,155.29834066601393,2.4,20.019537753844915,0.0
2026-04-03 13:46:49.203000069,2.2072818905016764,16903393280.0,91772.96358261375,164.8650073326806,2.3166666666666664,19.50089555592931,0.0
2026-04-03 13:47:04.203000069,3.497973438539593,16854454272.0,131339.550383886,166.35231788870905,2.3166666666666664,19.31023311008198,0.0
2026-04-03 13:47:19.203000069,3.498807204283623,16854454272.0,131339.550383886,166.61898511094978,2.3166666666666664,19.54109879552968,0.0
2026-04-03 13:47:34.203000069,3.4893062757652955,16854487040.0,131339.550383886,165.0183484433565,2.3166666666666664,19.69565230051485,0.0
2026-04-03 13:47:49.203000069,2.667993724297573,16803328000.0,92787.56160932923,155.51608740761324,2.3833333333333333,19.16862952754397,0.0
2026-04-03 13:48:04.203000069,3.312106872727882,16737705984.0,112233.42440090548,157.7641225865759,2.3833333333333333,19.10031402706402,0.0
2026-04-03 13:48:19.203000069,3.312106872727882,16737705984.0,112233.42440090548,157.68078814213143,2.3833333333333333,19.363822994022463,0.0
2026-04-03 13:48:34.203000069,3.196704788676493,16737705984.0,112233.42440090548,159.0980831427803,2.3833333333333333,19.204062765596618,0.0
2026-04-03 13:48:49.203000069,2.5937355801649957,16995704832.0,91370.52988827076,164.53612648237814,2.216666666666667,19.774156597699484,0.0
2026-04-03 13:49:04.203000069,3.429070981315657,17019146240.0,128424.09064024844,160.2690239951693,2.216666666666667,20.060837305971745,0.0
2026-04-03 13:49:19.203000069,3.429070981315657,17019146240.0,128424.09064024844,160.20235899517854,2.216666666666667,18.973629688106108,0.0
2026-04-03 13:49:34.203000069,3.400216254600525,17019146240.0,128424.09064024844,159.2688592647847,2.216666666666667,19.112130144089186,0.0
2026-04-03 13:49:49.203000069,3.0106663028065133,17072287744.0,121245.57186984304,161.4497436275968,2.5166666666666666,18.59389866167652,0.0
2026-04-03 13:50:04.203000069,3.370560643037675,17089560576.0,115182.81013409092,163.26725251689405,2.5166666666666666,18.529516451811546,0.0
2026-04-03 13:50:19.203000069,3.370560643037675,17089560576.0,115182.81013409092,163.40058362800514,2.5166666666666666,18.272476629736538,0.0
2026-04-03 13:50:34.203000069,3.213509168029681,17089564672.0,115182.81013409092,164.2165936503372,2.5166666666666666,18.16974538396489,0.0
2026-04-03 13:50:49.203000069,1.392849377134989,16981348352.0,,163.91408817829736,2.15,17.545653865012838,0.0
2026-04-03 13:51:04.203000069,3.259902143324085,16940400640.0,112508.89233613816,162.19699427516724,2.15,17.55376557806116,0.0
2026-04-03 13:51:19.203000069,3.259825610070904,16940400640.0,112508.89233613816,162.0969953862506,2.15,17.336225038486873,0.0
2026-04-03 13:51:34.203000069,3.259694943920848,16940404736.0,112508.89233613816,160.31392286923767,2.15,17.47225355371564,0.0
2026-04-03 13:51:49.203000069,2.5985860244848418,16860753920.0,92417.66865660128,154.61874175172454,2.35,17.96053251482489,0.0
2026-04-03 13:52:04.203000069,3.1965546881474536,16859262976.0,133496.08169525128,156.78363458862995,2.35,17.855234839542913,0.0
2026-04-03 13:52:19.203000069,3.1968863831660324,16859262976.0,133496.08169525128,157.0003018108707,2.35,18.448647156373653,0.0
2026-04-03 13:52:34.203000069,3.1631186792960757,16859262976.0,133496.08169525128,158.68412625579717,2.35,18.29286993513646,0.0
2026-04-03 13:52:49.203000069,2.2855604742047717,16772079616.0,93290.9555243577,165.03181284535015,2.433333333333333,17.977623330343057,0.0
2026-04-03 13:53:04.203000069,3.36315141233008,16798523392.0,111606.443795439,165.11868673400224,2.433333333333333,18.016343140971188,0.0
2026-04-03 13:53:19.203000069,3.3631514123300805,16798523392.0,111606.44379543902,165.13533395683555,2.433333333333333,18.41288880683852,0.0
2026-04-03 13:53:34.203000069,3.352344845340304,16798523392.0,111606.44379543902,165.66815229048314,2.433333333333333,18.50638336099881,0.0
2026-04-03 13:53:49.203000069,2.638152581635222,16907661312.0,91706.10020203052,161.63481895714983,2.216666666666667,19.94880263627519,0.0
2026-04-03 13:54:04.203000069,3.4170400507187613,16919515136.0,128898.764559223,160.9471587388876,2.216666666666667,20.06584019091352,0.0
2026-04-03 13:54:19.203000069,3.4170400507187613,16919515136.0,128898.764559223,160.6638592943043,2.216666666666667,20.115140337962195,0.0
2026-04-03 13:54:34.203000069,3.398448877350114,16919515136.0,128898.764559223,159.63148320409294,2.216666666666667,20.117120503415165,0.0
2026-04-03 13:54:49.203000069,3.031205450647473,17001766912.0,121174.00579003504,162.08148320409296,2.55,19.60951162100342,0.0
2026-04-03 13:55:04.203000069,3.476403686580295,17030631424.0,114725.98931477914,163.0033915460028,2.55,19.540123459565,0.0
2026-04-03 13:55:19.203000069,3.476403686580295,17030631424.0,114725.98931477914,163.12004210109538,2.55,20.414389914353187,0.0
2026-04-03 13:55:34.203000069,3.4589618146646406,17030631424.0,114725.98931477914,163.2025565179644,2.55,20.380382945264437,0.0
2026-04-03 13:55:49.203000069,1.633794193024288,16978554880.0,,161.2692231846311,2.5666666666666664,20.731079911278734,0.0
2026-04-03 13:56:04.203000069,3.5389001904508524,16925806592.0,112254.0454587971,168.24979722561105,2.5666666666666664,20.12586606661585,0.0
2026-04-03 13:56:19.203000069,3.5389001904508524,16925806592.0,112254.04545879712,168.6497994478333,2.5666666666666664,20.19869863245233,0.0
2026-04-03 13:56:34.203000069,3.5181094903934063,16925806592.0,112254.04545879712,168.99992333465738,2.5666666666666664,20.17533303573569,0.0
2026-04-03 13:56:49.203000069,2.3727857470172147,16918597632.0,90605.30492110529,170.6999233346574,2.15,20.4054173367073,0.0
2026-04-03 13:57:04.203000069,3.3523967979930758,16889479168.0,131048.51464787152,159.21666777780555,2.15,21.172182744465804,0.0
2026-04-03 13:57:19.203000069,3.3526004929084285,16889479168.0,131048.51464787152,158.7666505560833,2.15,19.68075238650172,0.0
2026-04-03 13:57:34.203000069,3.3473320222687186,16889479168.0,131048.51464787152,157.96640889747192,2.15,19.829210558406448,0.0
2026-04-03 13:57:49.203000069,2.2639999345473547,16932450304.0,91746.51906949715,155.03070564313597,2.15,19.56469780500465,0.0
2026-04-03 13:58:04.203000069,3.477509005170273,16996470784.0,114033.73966042664,160.8307139766082,2.15,19.32672074451702,0.0
2026-04-03 13:58:19.203000069,3.477509005170273,16996470784.0,114033.73966042664,161.04741397669156,2.15,19.74788432207845,0.0
2026-04-03 13:58:34.203000069,3.460456366797686,16996470784.0,114033.73966042664,161.48094009867324,2.15,19.64602125439029,0.0
2026-04-03 13:58:49.203000069,2.8110193812484168,16960020480.0,91670.811300902,160.53264171975755,2.5332066729996834,19.63805515279109,0.0
2026-04-03 13:59:04.203000069,3.410655144936191,16963616768.0,128846.89997959902,156.09929171975756,2.5332066729996834,19.81680267294219,0.0
2026-04-03 13:59:19.203000069,3.410655144936191,16963616768.0,128846.89997959902,155.8326158859566,2.5332066729996834,20.333873374308745,0.0
2026-04-03 13:59:34.203000069,3.2866319029396847,16961716224.0,128846.89997959902,155.49980227946247,2.5332066729996834,20.343804476934608,0.0
2026-04-03 13:59:49.203000069,2.943269685153632,16953880576.0,121385.69299048006,156.95350041305636,1.950097504875244,20.217739507797475,0.0
2026-04-03 14:00:04.203000069,3.490380107223628,16932143104.0,115114.3431698078,156.87017541291746,1.950097504875244,20.252328330936944,0.0
2026-04-03 14:00:19.203000069,3.490380107223628,16932143104.0,115114.3431698078,156.95349263513043,1.950097504875244,20.26234443187577,0.0
2026-04-03 14:00:34.203000069,3.477789063745786,16932143104.0,115114.3431698078,157.43588096862806,1.950097504875244,20.246155118002623,0.0
2026-04-03 14:00:49.203000069,1.3766556116274793,16920805376.0,,160.59705177270902,2.45,20.989323418309336,0.0
2026-04-03 14:01:04.203000069,3.469417468949551,16920338432.0,111753.55722629552,164.36334373285206,2.45,20.777780907786312,0.0
2026-04-03 14:01:19.203000069,3.469417468949551,16920338432.0,111753.5572262955,164.51335178827335,2.45,20.52390126956805,0.0
2026-04-03 14:01:34.203000069,3.392611462573593,16920338432.0,111753.5572262955,164.89715926456623,2.45,20.46973826262686,0.0
2026-04-03 14:01:49.203000069,2.380206232292686,16752586752.0,91415.50113611044,160.74962529347638,2.55,19.702935335826325,0.0
2026-04-03 14:02:04.203000069,3.3719156369445087,16759615488.0,132324.0247321611,159.366909466963,2.55,19.8037205676288,0.0
2026-04-03 14:02:19.203000069,3.3719156369445087,16759615488.0,132324.0247321611,158.93356446735189,2.55,20.93759533458259,0.0
2026-04-03 14:02:34.203000069,3.346759804090613,16759615488.0,132324.0247321611,158.35053447746333,2.55,21.096927741335968,0.0
2026-04-03 14:02:49.203000069,2.185662156758198,16812576768.0,93522.7612299701,159.93627011309565,2.5166666666666666,23.849337785666457,0.0
2026-04-03 14:03:04.203000069,3.648675107305535,16975597568.0,111801.17540968316,162.66949287276242,2.5166666666666666,23.417287626321382,0.0
2026-04-03 14:03:19.203000069,3.648675107305535,16975597568.0,111801.17540968316,163.08618953965131,2.5166666666666666,21.84475470956124,0.0
2026-04-03 14:03:34.203000069,3.64293918014904,16975597568.0,111801.17540968316,163.38588619620654,2.5166666666666666,21.70884102569491,0.0
2026-04-03 14:03:49.203000069,2.572223031322145,16955400192.0,91175.97923400832,163.3168172272409,2.45,19.096944056134205,0.0
2026-04-03 14:04:04.203000069,3.3327710617167474,16961908736.0,129155.11796396064,160.43323056020358,2.45,19.34522742615927,0.0
2026-04-03 14:04:19.203000069,3.333162878843831,16961908736.0,129155.11796396064,160.46654500405543,2.45,19.2500077704864,0.0
2026-04-03 14:04:34.203000069,3.31533550232231,16961908736.0,129155.11796396064,160.58321167072208,2.45,19.259175634436986,0.0
2026-04-03 14:04:49.203000069,2.627754023406605,16929243136.0,89275.24641463868,165.94987833738878,2.466666666666667,19.90402607859501,0.0
2026-04-03 14:05:04.203000069,3.5534136027192003,16853958656.0,114243.056416615,165.3668050046483,2.466666666666667,19.874619015864795,0.0
2026-04-03 14:05:19.203000069,3.5534271960889843,16853958656.0,114243.056416615,165.08347222685202,2.466666666666667,20.29225911957758,0.0
2026-04-03 14:05:34.203000069,3.543155356058872,16853958656.0,114243.056416615,164.9662294682773,2.466666666666667,20.29803665539759,0.0
2026-04-03 14:05:49.203000069,1.8048913499173296,16811905024.0,80015.47864164122,160.63289613494396,2.4166666666666665,20.106304746302023,0.0
2026-04-03 14:06:04.203000069,3.434444560841989,16804663296.0,111042.00203534092,162.08275724142527,2.4166666666666665,20.09504226605513,0.0
2026-04-03 14:06:19.203000069,3.4501070269280154,16804663296.0,111042.00203534092,161.74942390809196,2.4166666666666665,19.33835769371055,0.0
2026-04-03 14:06:34.203000069,3.4075483809352667,16804663296.0,111042.00203534092,161.3169794548707,2.4166666666666665,19.335204891750937,0.0
2026-04-03 14:06:49.203000069,3.106010271382238,16890134528.0,120660.20595621323,159.45031278820406,2.45,19.282638597683004,0.0
2026-04-03 14:07:04.203000069,3.414449108219199,16901849088.0,128704.27569984988,159.43321335818504,2.45,19.21577388127676,0.0
2026-04-03 14:07:19.203000069,3.414670151186648,16901849088.0,128704.27569984988,159.83321391375912,2.45,18.683721627747563,0.0
2026-04-03 14:07:34.203000069,3.4006062043905927,16901849088.0,128704.27569984988,158.5162344588884,2.45,18.837054944392094,0.0
2026-04-03 14:07:49.203000069,1.4469301775281995,16928796672.0,,152.63068175508965,1.9833333333333332,19.004191796555645,0.0
2026-04-03 14:08:04.203000069,3.276625519954189,17021861888.0,112318.96982570126,148.58149730897944,1.9833333333333332,19.45194618079809,0.0
2026-04-03 14:08:19.203000069,3.276625519954189,17021861888.0,112318.96982570126,148.29816425341923,1.9833333333333332,20.584444843082142,0.0
2026-04-03 14:08:34.203000069,3.1362984276475245,17021861888.0,112318.96982570124,149.91508759530842,1.9833333333333332,20.489335333592965,0.0
2026-04-03 14:08:49.203000069,2.25121014747382,16987676672.0,89702.68111950243,157.23637204572097,2.6666666666666665,20.8804148827764,0.0
2026-04-03 14:09:04.203000069,3.53693061784371,17000525824.0,128504.664593514,162.80207816333103,2.6666666666666665,20.199204427928684,0.0
2026-04-03 14:09:19.203000069,3.53693061784371,17000525824.0,128504.66459351398,163.28539094175693,2.6666666666666665,20.876655221520046,0.0
2026-04-03 14:09:34.203000069,3.4782866024956034,17000525824.0,128504.66459351398,163.13487094197856,2.6666666666666665,20.790733888392158,0.0
2026-04-03 14:09:49.203000069,2.810400721198145,17000787968.0,90255.25117725455,161.48012094041772,2.6333333333333333,21.65007144566228,0.0
2026-04-03 14:10:04.203000069,3.5861192412113083,17045073920.0,114047.87701995648,162.8479281621412,2.6333333333333333,21.703190995735447,0.0
2026-04-03 14:10:19.203000069,3.5861192412113083,17045073920.0,114047.87701995648,162.53129399523846,2.6333333333333333,22.42498632990983,0.0
2026-04-03 14:10:34.203000069,3.57795487796168,17044832256.0,114047.87701995648,162.481807883702,2.6333333333333333,22.53120132508825,0.0
2026-04-03 14:10:49.203000069,2.2658367117452527,16864284672.0,89951.13306689322,166.65332122181852,2.4833333333333334,22.79294716992139,0.0
2026-04-03 14:11:04.203000069,3.7109349571324888,16800247808.0,126534.3113969379,167.05254065809515,2.4833333333333334,22.976387341259915,0.0
2026-04-03 14:11:19.203000069,3.7162288504425502,16800247808.0,126534.3113969379,167.4525273243544,2.4833333333333334,23.55747970744904,0.0
2026-04-03 14:11:34.203000069,3.704908709444098,16800247808.0,126534.3113969379,167.86868899115012,2.4833333333333334,23.64997365925268,0.0
